file,line,type,commit,author,date,time,timezone,datetime,depth,length
style.css,1,css,ac67c309,ishita-takkar,2025-05-03,12:00:36,-07:00,2025-05-03T12:00:36-07:00,0,17
style.css,2,css,14b6034a,ishita-takkar,2025-04-11,13:15:14,-07:00,2025-04-11T13:15:14-07:00,0,5
style.css,3,css,cf69d88a,ishita-takkar,2025-04-18,16:36:45,-07:00,2025-04-18T16:36:45-07:00,1,33
style.css,4,css,14b6034a,ishita-takkar,2025-04-11,13:15:14,-07:00,2025-04-11T13:15:14-07:00,1,32
style.css,5,css,ac67c309,ishita-takkar,2025-05-03,12:00:36,-07:00,2025-05-03T12:00:36-07:00,1,38
style.css,6,css,50c91778,ishita-takkar,2025-04-10,17:33:50,-07:00,2025-04-10T17:33:50-07:00,0,0
style.css,7,css,50c91778,ishita-takkar,2025-04-10,17:33:50,-07:00,2025-04-10T17:33:50-07:00,0,0
style.css,8,css,50c91778,ishita-takkar,2025-04-10,17:33:50,-07:00,2025-04-10T17:33:50-07:00,0,4
style.css,9,css,14b6034a,ishita-takkar,2025-04-11,13:15:14,-07:00,2025-04-11T13:15:14-07:00,1,22
style.css,10,css,14b6034a,ishita-takkar,2025-04-11,13:15:14,-07:00,2025-04-11T13:15:14-07:00,1,12
style.css,11,css,14b6034a,ishita-takkar,2025-04-11,13:15:14,-07:00,2025-04-11T13:15:14-07:00,1,14
style.css,12,css,8bf87862,ishita-takkar,2025-04-18,16:14:00,-07:00,2025-04-18T16:14:00-07:00,1,23
style.css,13,css,ee66d34f,ishita-takkar,2025-04-18,15:55:40,-07:00,2025-04-18T15:55:40-07:00,1,23
style.css,14,css,ee66d34f,ishita-takkar,2025-04-18,15:55:40,-07:00,2025-04-18T15:55:40-07:00,1,16
style.css,15,css,ac67c309,ishita-takkar,2025-05-03,12:00:36,-07:00,2025-05-03T12:00:36-07:00,1,63
style.css,16,css,50c91778,ishita-takkar,2025-04-10,17:33:50,-07:00,2025-04-10T17:33:50-07:00,0,0
style.css,17,css,50c91778,ishita-takkar,2025-04-10,17:33:50,-07:00,2025-04-10T17:33:50-07:00,0,0
style.css,18,css,08f1a1f8,ishita-takkar,2025-04-04,17:00:29,-07:00,2025-04-04T17:00:29-07:00,0,4
style.css,19,css,ce999ae9,ishita-takkar,2025-04-18,16:39:46,-07:00,2025-04-18T16:39:46-07:00,1,23
style.css,20,css,ce999ae9,ishita-takkar,2025-04-18,16:39:46,-07:00,2025-04-18T16:39:46-07:00,1,15
style.css,21,css,ce999ae9,ishita-takkar,2025-04-18,16:39:46,-07:00,2025-04-18T16:39:46-07:00,1,42
style.css,22,css,ce999ae9,ishita-takkar,2025-04-18,16:39:46,-07:00,2025-04-18T16:39:46-07:00,1,18
style.css,23,css,ce999ae9,ishita-takkar,2025-04-18,16:39:46,-07:00,2025-04-18T16:39:46-07:00,1,17
style.css,24,css,ce999ae9,ishita-takkar,2025-04-18,16:39:46,-07:00,2025-04-18T16:39:46-07:00,1,16
style.css,25,css,ce999ae9,ishita-takkar,2025-04-18,16:39:46,-07:00,2025-04-18T16:39:46-07:00,1,12
style.css,26,css,e9473300,ishita-takkar,2025-04-10,17:25:44,-07:00,2025-04-10T17:25:44-07:00,0,0
style.css,27,css,14b6034a,ishita-takkar,2025-04-11,13:15:14,-07:00,2025-04-11T13:15:14-07:00,0,0
style.css,28,css,e9473300,ishita-takkar,2025-04-10,17:25:44,-07:00,2025-04-10T17:25:44-07:00,0,3
style.css,29,css,ce999ae9,ishita-takkar,2025-04-18,16:39:46,-07:00,2025-04-18T16:39:46-07:00,1,12
style.css,30,css,ac67c309,ishita-takkar,2025-05-03,12:00:36,-07:00,2025-05-03T12:00:36-07:00,1,7
style.css,31,css,14b6034a,ishita-takkar,2025-04-11,13:15:14,-07:00,2025-04-11T13:15:14-07:00,1,22
style.css,32,css,14b6034a,ishita-takkar,2025-04-11,13:15:14,-07:00,2025-04-11T13:15:14-07:00,1,18
style.css,33,css,ac67c309,ishita-takkar,2025-05-03,12:00:36,-07:00,2025-05-03T12:00:36-07:00,1,13
style.css,34,css,ac67c309,ishita-takkar,2025-05-03,12:00:36,-07:00,2025-05-03T12:00:36-07:00,1,43
style.css,35,css,ac67c309,ishita-takkar,2025-05-03,12:00:36,-07:00,2025-05-03T12:00:36-07:00,1,17
style.css,36,css,ac67c309,ishita-takkar,2025-05-03,12:00:36,-07:00,2025-05-03T12:00:36-07:00,1,17
style.css,37,css,e9473300,ishita-takkar,2025-04-10,17:25:44,-07:00,2025-04-10T17:25:44-07:00,0,0
style.css,38,css,e9473300,ishita-takkar,2025-04-10,17:25:44,-07:00,2025-04-10T17:25:44-07:00,0,0
style.css,39,css,ce999ae9,ishita-takkar,2025-04-18,16:39:46,-07:00,2025-04-18T16:39:46-07:00,0,5
style.css,40,css,e9473300,ishita-takkar,2025-04-10,17:25:44,-07:00,2025-04-10T17:25:44-07:00,1,6
style.css,41,css,e9473300,ishita-takkar,2025-04-10,17:25:44,-07:00,2025-04-10T17:25:44-07:00,1,17
style.css,42,css,e9473300,ishita-takkar,2025-04-10,17:25:44,-07:00,2025-04-10T17:25:44-07:00,1,13
style.css,43,css,e9473300,ishita-takkar,2025-04-10,17:25:44,-07:00,2025-04-10T17:25:44-07:00,1,20
style.css,44,css,e9473300,ishita-takkar,2025-04-10,17:25:44,-07:00,2025-04-10T17:25:44-07:00,1,13
style.css,45,css,14b6034a,ishita-takkar,2025-04-11,13:15:14,-07:00,2025-04-11T13:15:14-07:00,1,37
style.css,46,css,14b6034a,ishita-takkar,2025-04-11,13:15:14,-07:00,2025-04-11T13:15:14-07:00,1,51
style.css,47,css,e9473300,ishita-takkar,2025-04-10,17:25:44,-07:00,2025-04-10T17:25:44-07:00,0,0
style.css,48,css,e9473300,ishita-takkar,2025-04-10,17:25:44,-07:00,2025-04-10T17:25:44-07:00,0,0
style.css,49,css,ce999ae9,ishita-takkar,2025-04-18,16:39:46,-07:00,2025-04-18T16:39:46-07:00,0,13
style.css,50,css,ce999ae9,ishita-takkar,2025-04-18,16:39:46,-07:00,2025-04-18T16:39:46-07:00,1,45
style.css,51,css,e9473300,ishita-takkar,2025-04-10,17:25:44,-07:00,2025-04-10T17:25:44-07:00,1,20
style.css,52,css,e9473300,ishita-takkar,2025-04-10,17:25:44,-07:00,2025-04-10T17:25:44-07:00,1,16
style.css,53,css,e9473300,ishita-takkar,2025-04-10,17:25:44,-07:00,2025-04-10T17:25:44-07:00,0,0
style.css,54,css,c0d0736c,ishita-takkar,2025-04-10,17:37:17,-07:00,2025-04-10T17:37:17-07:00,0,0
style.css,55,css,c0d0736c,ishita-takkar,2025-04-10,17:37:17,-07:00,2025-04-10T17:37:17-07:00,0,11
style.css,56,css,c0d0736c,ishita-takkar,2025-04-10,17:37:17,-07:00,2025-04-10T17:37:17-07:00,1,45
style.css,57,css,5c4849bc,ishita-takkar,2025-04-18,16:23:19,-07:00,2025-04-18T16:23:19-07:00,1,69
style.css,58,css,c0d0736c,ishita-takkar,2025-04-10,17:37:17,-07:00,2025-04-10T17:37:17-07:00,1,14
style.css,59,css,c0d0736c,ishita-takkar,2025-04-10,17:37:17,-07:00,2025-04-10T17:37:17-07:00,0,0
style.css,60,css,e9559500,ishita-takkar,2025-04-10,23:59:26,-07:00,2025-04-10T23:59:26-07:00,0,0
style.css,61,css,aca0dbb9,ishita-takkar,2025-05-03,11:22:56,-07:00,2025-05-03T11:22:56-07:00,0,4
style.css,62,css,e68d27af,ishita-takkar,2025-04-11,11:59:06,-07:00,2025-04-11T11:59:06-07:00,1,12
style.css,63,css,e68d27af,ishita-takkar,2025-04-11,11:59:06,-07:00,2025-04-11T11:59:06-07:00,1,30
style.css,64,css,e68d27af,ishita-takkar,2025-04-11,11:59:06,-07:00,2025-04-11T11:59:06-07:00,1,7
style.css,65,css,e68d27af,ishita-takkar,2025-04-11,11:59:06,-07:00,2025-04-11T11:59:06-07:00,1,15
style.css,66,css,e68d27af,ishita-takkar,2025-04-11,11:59:06,-07:00,2025-04-11T11:59:06-07:00,1,16
style.css,67,css,e68d27af,ishita-takkar,2025-04-11,11:59:06,-07:00,2025-04-11T11:59:06-07:00,0,0
style.css,68,css,e68d27af,ishita-takkar,2025-04-11,11:59:06,-07:00,2025-04-11T11:59:06-07:00,0,0
style.css,69,css,e9559500,ishita-takkar,2025-04-10,23:59:26,-07:00,2025-04-10T23:59:26-07:00,0,5
style.css,70,css,61f5ea4f,ishita-takkar,2025-04-11,01:33:35,-07:00,2025-04-11T01:33:35-07:00,1,12
style.css,71,css,61f5ea4f,ishita-takkar,2025-04-11,01:33:35,-07:00,2025-04-11T01:33:35-07:00,1,29
style.css,72,css,61f5ea4f,ishita-takkar,2025-04-11,01:33:35,-07:00,2025-04-11T01:33:35-07:00,1,18
style.css,73,css,e9559500,ishita-takkar,2025-04-10,23:59:26,-07:00,2025-04-10T23:59:26-07:00,0,0
style.css,74,css,e9559500,ishita-takkar,2025-04-10,23:59:26,-07:00,2025-04-10T23:59:26-07:00,0,0
style.css,75,css,f7846ba6,ishita-takkar,2025-04-18,17:06:10,-07:00,2025-04-18T17:06:10-07:00,0,4
style.css,76,css,f7846ba6,ishita-takkar,2025-04-18,17:06:10,-07:00,2025-04-18T17:06:10-07:00,0,7
style.css,77,css,f7846ba6,ishita-takkar,2025-04-18,17:06:10,-07:00,2025-04-18T17:06:10-07:00,0,5
style.css,78,css,f7846ba6,ishita-takkar,2025-04-18,17:06:10,-07:00,2025-04-18T17:06:10-07:00,0,6
style.css,79,css,f7846ba6,ishita-takkar,2025-04-18,17:06:10,-07:00,2025-04-18T17:06:10-07:00,1,12
style.css,80,css,f7846ba6,ishita-takkar,2025-04-18,17:06:10,-07:00,2025-04-18T17:06:10-07:00,0,0
style.css,81,css,f7846ba6,ishita-takkar,2025-04-18,17:06:10,-07:00,2025-04-18T17:06:10-07:00,0,0
style.css,82,css,e9559500,ishita-takkar,2025-04-10,23:59:26,-07:00,2025-04-10T23:59:26-07:00,0,4
style.css,83,css,61f5ea4f,ishita-takkar,2025-04-11,01:33:35,-07:00,2025-04-11T01:33:35-07:00,0,8
style.css,84,css,61f5ea4f,ishita-takkar,2025-04-11,01:33:35,-07:00,2025-04-11T01:33:35-07:00,1,13
style.css,85,css,e9559500,ishita-takkar,2025-04-10,23:59:26,-07:00,2025-04-10T23:59:26-07:00,1,10
style.css,86,css,e9559500,ishita-takkar,2025-04-10,23:59:26,-07:00,2025-04-10T23:59:26-07:00,1,21
style.css,87,css,e9559500,ishita-takkar,2025-04-10,23:59:26,-07:00,2025-04-10T23:59:26-07:00,1,13
style.css,88,css,14b6034a,ishita-takkar,2025-04-11,13:15:14,-07:00,2025-04-11T13:15:14-07:00,1,34
style.css,89,css,14b6034a,ishita-takkar,2025-04-11,13:15:14,-07:00,2025-04-11T13:15:14-07:00,1,17
style.css,90,css,61f5ea4f,ishita-takkar,2025-04-11,01:33:35,-07:00,2025-04-11T01:33:35-07:00,0,0
style.css,91,css,61f5ea4f,ishita-takkar,2025-04-11,01:33:35,-07:00,2025-04-11T01:33:35-07:00,0,0
style.css,92,css,61f5ea4f,ishita-takkar,2025-04-11,01:33:35,-07:00,2025-04-11T01:33:35-07:00,0,6
style.css,93,css,61f5ea4f,ishita-takkar,2025-04-11,01:33:35,-07:00,2025-04-11T01:33:35-07:00,1,18
style.css,94,css,61f5ea4f,ishita-takkar,2025-04-11,01:33:35,-07:00,2025-04-11T01:33:35-07:00,1,17
style.css,95,css,14b6034a,ishita-takkar,2025-04-11,13:15:14,-07:00,2025-04-11T13:15:14-07:00,1,36
style.css,96,css,14b6034a,ishita-takkar,2025-04-11,13:15:14,-07:00,2025-04-11T13:15:14-07:00,1,11
style.css,97,css,14b6034a,ishita-takkar,2025-04-11,13:15:14,-07:00,2025-04-11T13:15:14-07:00,1,16
style.css,98,css,14b6034a,ishita-takkar,2025-04-11,13:15:14,-07:00,2025-04-11T13:15:14-07:00,1,11
style.css,99,css,14b6034a,ishita-takkar,2025-04-11,13:15:14,-07:00,2025-04-11T13:15:14-07:00,1,14
style.css,100,css,ac67c309,ishita-takkar,2025-05-03,12:00:36,-07:00,2025-05-03T12:00:36-07:00,1,32
style.css,101,css,14b6034a,ishita-takkar,2025-04-11,13:15:14,-07:00,2025-04-11T13:15:14-07:00,0,0
style.css,102,css,14b6034a,ishita-takkar,2025-04-11,13:15:14,-07:00,2025-04-11T13:15:14-07:00,0,0
style.css,103,css,14b6034a,ishita-takkar,2025-04-11,13:15:14,-07:00,2025-04-11T13:15:14-07:00,0,12
style.css,104,css,ac67c309,ishita-takkar,2025-05-03,12:00:36,-07:00,2025-05-03T12:00:36-07:00,1,69
style.css,105,css,e9559500,ishita-takkar,2025-04-10,23:59:26,-07:00,2025-04-10T23:59:26-07:00,0,0
style.css,106,css,682e7995,ishita-takkar,2025-04-11,00:27:42,-07:00,2025-04-11T00:27:42-07:00,0,0
style.css,107,css,aca0dbb9,ishita-takkar,2025-05-03,11:22:56,-07:00,2025-05-03T11:22:56-07:00,0,9
style.css,108,css,682e7995,ishita-takkar,2025-04-11,00:27:42,-07:00,2025-04-11T00:27:42-07:00,1,12
style.css,109,css,be230187,ishita-takkar,2025-05-03,11:46:17,-07:00,2025-05-03T11:46:17-07:00,1,58
style.css,110,css,be230187,ishita-takkar,2025-05-03,11:46:17,-07:00,2025-05-03T11:46:17-07:00,1,7
style.css,111,css,be230187,ishita-takkar,2025-05-03,11:46:17,-07:00,2025-05-03T11:46:17-07:00,1,19
style.css,112,css,dae61b81,ishita-takkar,2025-04-11,12:25:30,-07:00,2025-04-11T12:25:30-07:00,1,17
style.css,113,css,34689caf,ishita-takkar,2025-04-11,12:10:36,-07:00,2025-04-11T12:10:36-07:00,0,0
style.css,114,css,34689caf,ishita-takkar,2025-04-11,12:10:36,-07:00,2025-04-11T12:10:36-07:00,0,0
style.css,115,css,2144ed89,ishita-takkar,2025-04-11,12:36:12,-07:00,2025-04-11T12:36:12-07:00,0,17
style.css,116,css,be230187,ishita-takkar,2025-05-03,11:46:17,-07:00,2025-05-03T11:46:17-07:00,1,12
style.css,117,css,be230187,ishita-takkar,2025-05-03,11:46:17,-07:00,2025-05-03T11:46:17-07:00,1,33
style.css,118,css,be230187,ishita-takkar,2025-05-03,11:46:17,-07:00,2025-05-03T11:46:17-07:00,1,7
style.css,119,css,dae61b81,ishita-takkar,2025-04-11,12:25:30,-07:00,2025-04-11T12:25:30-07:00,1,28
style.css,120,css,be230187,ishita-takkar,2025-05-03,11:46:17,-07:00,2025-05-03T11:46:17-07:00,1,11
style.css,121,css,be230187,ishita-takkar,2025-05-03,11:46:17,-07:00,2025-05-03T11:46:17-07:00,1,17
style.css,122,css,be230187,ishita-takkar,2025-05-03,11:46:17,-07:00,2025-05-03T11:46:17-07:00,1,43
style.css,123,css,be230187,ishita-takkar,2025-05-03,11:46:17,-07:00,2025-05-03T11:46:17-07:00,1,37
style.css,124,css,34689caf,ishita-takkar,2025-04-11,12:10:36,-07:00,2025-04-11T12:10:36-07:00,0,0
style.css,125,css,adb5cf59,ishita-takkar,2025-04-11,12:32:13,-07:00,2025-04-11T12:32:13-07:00,0,0
style.css,126,css,adb5cf59,ishita-takkar,2025-04-11,12:32:13,-07:00,2025-04-11T12:32:13-07:00,0,23
style.css,127,css,be230187,ishita-takkar,2025-05-03,11:46:17,-07:00,2025-05-03T11:46:17-07:00,1,26
style.css,128,css,2144ed89,ishita-takkar,2025-04-11,12:36:12,-07:00,2025-04-11T12:36:12-07:00,0,0
style.css,129,css,2144ed89,ishita-takkar,2025-04-11,12:36:12,-07:00,2025-04-11T12:36:12-07:00,0,0
style.css,130,css,2144ed89,ishita-takkar,2025-04-11,12:36:12,-07:00,2025-04-11T12:36:12-07:00,0,12
style.css,131,css,2144ed89,ishita-takkar,2025-04-11,12:36:12,-07:00,2025-04-11T12:36:12-07:00,1,17
style.css,132,css,34689caf,ishita-takkar,2025-04-11,12:10:36,-07:00,2025-04-11T12:10:36-07:00,0,0
style.css,133,css,adb5cf59,ishita-takkar,2025-04-11,12:32:13,-07:00,2025-04-11T12:32:13-07:00,0,0
style.css,134,css,adb5cf59,ishita-takkar,2025-04-11,12:32:13,-07:00,2025-04-11T12:32:13-07:00,0,13
style.css,135,css,adb5cf59,ishita-takkar,2025-04-11,12:32:13,-07:00,2025-04-11T12:32:13-07:00,1,10
style.css,136,css,be230187,ishita-takkar,2025-05-03,11:46:17,-07:00,2025-05-03T11:46:17-07:00,1,11
style.css,137,css,adb5cf59,ishita-takkar,2025-04-11,12:32:13,-07:00,2025-04-11T12:32:13-07:00,1,16
style.css,138,css,2144ed89,ishita-takkar,2025-04-11,12:36:12,-07:00,2025-04-11T12:36:12-07:00,1,17
style.css,139,css,adb5cf59,ishita-takkar,2025-04-11,12:32:13,-07:00,2025-04-11T12:32:13-07:00,0,0
style.css,140,css,adb5cf59,ishita-takkar,2025-04-11,12:32:13,-07:00,2025-04-11T12:32:13-07:00,0,0
style.css,141,css,adb5cf59,ishita-takkar,2025-04-11,12:32:13,-07:00,2025-04-11T12:32:13-07:00,0,11
style.css,142,css,adb5cf59,ishita-takkar,2025-04-11,12:32:13,-07:00,2025-04-11T12:32:13-07:00,1,13
style.css,143,css,adb5cf59,ishita-takkar,2025-04-11,12:32:13,-07:00,2025-04-11T12:32:13-07:00,1,15
style.css,144,css,8eb73795,ishita-takkar,2025-04-11,14:40:52,-07:00,2025-04-11T14:40:52-07:00,0,0
style.css,145,css,8eb73795,ishita-takkar,2025-04-11,14:40:52,-07:00,2025-04-11T14:40:52-07:00,0,0
style.css,146,css,aca0dbb9,ishita-takkar,2025-05-03,11:22:56,-07:00,2025-05-03T11:22:56-07:00,0,22
style.css,147,css,aca0dbb9,ishita-takkar,2025-05-03,11:22:56,-07:00,2025-05-03T11:22:56-07:00,1,15
style.css,148,css,aca0dbb9,ishita-takkar,2025-05-03,11:22:56,-07:00,2025-05-03T11:22:56-07:00,1,17
style.css,149,css,aca0dbb9,ishita-takkar,2025-05-03,11:22:56,-07:00,2025-05-03T11:22:56-07:00,1,8
style.css,150,css,c8c03ec3,ishita-takkar,2025-04-25,19:50:18,-07:00,2025-04-25T19:50:18-07:00,0,0
style.css,151,css,c8c03ec3,ishita-takkar,2025-04-25,19:50:18,-07:00,2025-04-25T19:50:18-07:00,0,0
style.css,152,css,aca0dbb9,ishita-takkar,2025-05-03,11:22:56,-07:00,2025-05-03T11:22:56-07:00,0,2
style.css,153,css,aca0dbb9,ishita-takkar,2025-05-03,11:22:56,-07:00,2025-05-03T11:22:56-07:00,1,16
style.css,154,css,aca0dbb9,ishita-takkar,2025-05-03,11:22:56,-07:00,2025-05-03T11:22:56-07:00,1,18
style.css,155,css,be230187,ishita-takkar,2025-05-03,11:46:17,-07:00,2025-05-03T11:46:17-07:00,1,15
style.css,156,css,fc84571d,ishita-takkar,2025-05-03,03:00:33,-07:00,2025-05-03T03:00:33-07:00,0,0
style.css,157,css,0f47d13a,ishita-takkar,2025-05-03,10:13:07,-07:00,2025-05-03T10:13:07-07:00,0,0
style.css,158,css,ac67c309,ishita-takkar,2025-05-03,12:00:36,-07:00,2025-05-03T12:00:36-07:00,0,18
style.css,159,css,0f47d13a,ishita-takkar,2025-05-03,10:13:07,-07:00,2025-05-03T10:13:07-07:00,1,14
style.css,160,css,0f47d13a,ishita-takkar,2025-05-03,10:13:07,-07:00,2025-05-03T10:13:07-07:00,1,16
style.css,161,css,0f47d13a,ishita-takkar,2025-05-03,10:13:07,-07:00,2025-05-03T10:13:07-07:00,1,16
style.css,162,css,0f47d13a,ishita-takkar,2025-05-03,10:13:07,-07:00,2025-05-03T10:13:07-07:00,0,0
style.css,163,css,20f3d1f7,ishita-takkar,2025-05-03,10:36:10,-07:00,2025-05-03T10:36:10-07:00,0,0
style.css,164,css,be230187,ishita-takkar,2025-05-03,11:46:17,-07:00,2025-05-03T11:46:17-07:00,0,10
style.css,165,css,be230187,ishita-takkar,2025-05-03,11:46:17,-07:00,2025-05-03T11:46:17-07:00,1,12
style.css,166,css,be230187,ishita-takkar,2025-05-03,11:46:17,-07:00,2025-05-03T11:46:17-07:00,1,8
style.css,167,css,ac67c309,ishita-takkar,2025-05-03,12:00:36,-07:00,2025-05-03T12:00:36-07:00,1,22
style.css,168,css,be230187,ishita-takkar,2025-05-03,11:46:17,-07:00,2025-05-03T11:46:17-07:00,1,14
style.css,169,css,be230187,ishita-takkar,2025-05-03,11:46:17,-07:00,2025-05-03T11:46:17-07:00,1,15
style.css,170,css,be230187,ishita-takkar,2025-05-03,11:46:17,-07:00,2025-05-03T11:46:17-07:00,0,0
style.css,171,css,be230187,ishita-takkar,2025-05-03,11:46:17,-07:00,2025-05-03T11:46:17-07:00,0,0
style.css,172,css,20f3d1f7,ishita-takkar,2025-05-03,10:36:10,-07:00,2025-05-03T10:36:10-07:00,0,7
style.css,173,css,ac67c309,ishita-takkar,2025-05-03,12:00:36,-07:00,2025-05-03T12:00:36-07:00,1,12
style.css,174,css,ac67c309,ishita-takkar,2025-05-03,12:00:36,-07:00,2025-05-03T12:00:36-07:00,1,57
style.css,175,css,20f3d1f7,ishita-takkar,2025-05-03,10:36:10,-07:00,2025-05-03T10:36:10-07:00,1,8
style.css,176,css,20f3d1f7,ishita-takkar,2025-05-03,10:36:10,-07:00,2025-05-03T10:36:10-07:00,1,12
style.css,177,css,20f3d1f7,ishita-takkar,2025-05-03,10:36:10,-07:00,2025-05-03T10:36:10-07:00,1,21
style.css,178,css,ac67c309,ishita-takkar,2025-05-03,12:00:36,-07:00,2025-05-03T12:00:36-07:00,1,6
style.css,179,css,ac67c309,ishita-takkar,2025-05-03,12:00:36,-07:00,2025-05-03T12:00:36-07:00,1,16
style.css,180,css,20f3d1f7,ishita-takkar,2025-05-03,10:36:10,-07:00,2025-05-03T10:36:10-07:00,0,0
style.css,181,css,20f3d1f7,ishita-takkar,2025-05-03,10:36:10,-07:00,2025-05-03T10:36:10-07:00,0,0
style.css,182,css,20f3d1f7,ishita-takkar,2025-05-03,10:36:10,-07:00,2025-05-03T10:36:10-07:00,0,12
style.css,183,css,20f3d1f7,ishita-takkar,2025-05-03,10:36:10,-07:00,2025-05-03T10:36:10-07:00,1,12
style.css,184,css,20f3d1f7,ishita-takkar,2025-05-03,10:36:10,-07:00,2025-05-03T10:36:10-07:00,1,18
style.css,185,css,20f3d1f7,ishita-takkar,2025-05-03,10:36:10,-07:00,2025-05-03T10:36:10-07:00,1,10
style.css,186,css,20f3d1f7,ishita-takkar,2025-05-03,10:36:10,-07:00,2025-05-03T10:36:10-07:00,0,0
style.css,187,css,20f3d1f7,ishita-takkar,2025-05-03,10:36:10,-07:00,2025-05-03T10:36:10-07:00,0,0
style.css,188,css,ac67c309,ishita-takkar,2025-05-03,12:00:36,-07:00,2025-05-03T12:00:36-07:00,0,19
style.css,189,css,ac67c309,ishita-takkar,2025-05-03,12:00:36,-07:00,2025-05-03T12:00:36-07:00,0,7
style.css,190,css,20f3d1f7,ishita-takkar,2025-05-03,10:36:10,-07:00,2025-05-03T10:36:10-07:00,1,9
style.css,191,css,20f3d1f7,ishita-takkar,2025-05-03,10:36:10,-07:00,2025-05-03T10:36:10-07:00,1,10
style.css,192,css,20f3d1f7,ishita-takkar,2025-05-03,10:36:10,-07:00,2025-05-03T10:36:10-07:00,1,29
style.css,193,css,20f3d1f7,ishita-takkar,2025-05-03,10:36:10,-07:00,2025-05-03T10:36:10-07:00,1,17
style.css,194,css,20f3d1f7,ishita-takkar,2025-05-03,10:36:10,-07:00,2025-05-03T10:36:10-07:00,1,20
style.css,195,css,20f3d1f7,ishita-takkar,2025-05-03,10:36:10,-07:00,2025-05-03T10:36:10-07:00,0,0
style.css,196,css,20f3d1f7,ishita-takkar,2025-05-03,10:36:10,-07:00,2025-05-03T10:36:10-07:00,0,0
style.css,197,css,be230187,ishita-takkar,2025-05-03,11:46:17,-07:00,2025-05-03T11:46:17-07:00,0,13
style.css,198,css,be230187,ishita-takkar,2025-05-03,11:46:17,-07:00,2025-05-03T11:46:17-07:00,1,30
style.css,199,css,be230187,ishita-takkar,2025-05-03,11:46:17,-07:00,2025-05-03T11:46:17-07:00,1,17
style.css,200,css,be230187,ishita-takkar,2025-05-03,11:46:17,-07:00,2025-05-03T11:46:17-07:00,1,10
style.css,201,css,be230187,ishita-takkar,2025-05-03,11:46:17,-07:00,2025-05-03T11:46:17-07:00,1,34
style.css,202,css,be230187,ishita-takkar,2025-05-03,11:46:17,-07:00,2025-05-03T11:46:17-07:00,1,17
style.css,203,css,41fd52e1,ishita-takkar,2025-05-03,11:11:42,-07:00,2025-05-03T11:11:42-07:00,0,0
style.css,204,css,41fd52e1,ishita-takkar,2025-05-03,11:11:42,-07:00,2025-05-03T11:11:42-07:00,0,0
style.css,205,css,aca0dbb9,ishita-takkar,2025-05-03,11:22:56,-07:00,2025-05-03T11:22:56-07:00,0,4
style.css,206,css,aca0dbb9,ishita-takkar,2025-05-03,11:22:56,-07:00,2025-05-03T11:22:56-07:00,1,14
style.css,207,css,aca0dbb9,ishita-takkar,2025-05-03,11:22:56,-07:00,2025-05-03T11:22:56-07:00,1,16
style.css,208,css,aca0dbb9,ishita-takkar,2025-05-03,11:22:56,-07:00,2025-05-03T11:22:56-07:00,0,0
style.css,209,css,aca0dbb9,ishita-takkar,2025-05-03,11:22:56,-07:00,2025-05-03T11:22:56-07:00,0,0
style.css,210,css,be230187,ishita-takkar,2025-05-03,11:46:17,-07:00,2025-05-03T11:46:17-07:00,0,36
style.css,211,css,be230187,ishita-takkar,2025-05-03,11:46:17,-07:00,2025-05-03T11:46:17-07:00,1,11
style.css,212,css,be230187,ishita-takkar,2025-05-03,11:46:17,-07:00,2025-05-03T11:46:17-07:00,0,0
style.css,213,css,be230187,ishita-takkar,2025-05-03,11:46:17,-07:00,2025-05-03T11:46:17-07:00,0,0
style.css,214,css,41fd52e1,ishita-takkar,2025-05-03,11:11:42,-07:00,2025-05-03T11:11:42-07:00,0,9
style.css,215,css,41fd52e1,ishita-takkar,2025-05-03,11:11:42,-07:00,2025-05-03T11:11:42-07:00,1,35
style.css,216,css,41fd52e1,ishita-takkar,2025-05-03,11:11:42,-07:00,2025-05-03T11:11:42-07:00,0,0
style.css,217,css,41fd52e1,ishita-takkar,2025-05-03,11:11:42,-07:00,2025-05-03T11:11:42-07:00,0,0
style.css,218,css,41fd52e1,ishita-takkar,2025-05-03,11:11:42,-07:00,2025-05-03T11:11:42-07:00,0,18
style.css,219,css,41fd52e1,ishita-takkar,2025-05-03,11:11:42,-07:00,2025-05-03T11:11:42-07:00,1,17
style.css,220,css,41fd52e1,ishita-takkar,2025-05-03,11:11:42,-07:00,2025-05-03T11:11:42-07:00,0,0
style.css,221,css,41fd52e1,ishita-takkar,2025-05-03,11:11:42,-07:00,2025-05-03T11:11:42-07:00,0,0
style.css,222,css,41fd52e1,ishita-takkar,2025-05-03,11:11:42,-07:00,2025-05-03T11:11:42-07:00,0,21
style.css,223,css,41fd52e1,ishita-takkar,2025-05-03,11:11:42,-07:00,2025-05-03T11:11:42-07:00,1,31
style.css,224,css,41fd52e1,ishita-takkar,2025-05-03,11:11:42,-07:00,2025-05-03T11:11:42-07:00,0,0
style.css,225,css,be230187,ishita-takkar,2025-05-03,11:46:17,-07:00,2025-05-03T11:46:17-07:00,0,0
style.css,226,css,be230187,ishita-takkar,2025-05-03,11:46:17,-07:00,2025-05-03T11:46:17-07:00,0,10
style.css,227,css,be230187,ishita-takkar,2025-05-03,11:46:17,-07:00,2025-05-03T11:46:17-07:00,1,10
style.css,228,css,be230187,ishita-takkar,2025-05-03,11:46:17,-07:00,2025-05-03T11:46:17-07:00,1,14
style.css,229,css,be230187,ishita-takkar,2025-05-03,11:46:17,-07:00,2025-05-03T11:46:17-07:00,1,13
style.css,230,css,be230187,ishita-takkar,2025-05-03,11:46:17,-07:00,2025-05-03T11:46:17-07:00,1,21
style.css,231,css,be230187,ishita-takkar,2025-05-03,11:46:17,-07:00,2025-05-03T11:46:17-07:00,1,22
style.css,232,css,be230187,ishita-takkar,2025-05-03,11:46:17,-07:00,2025-05-03T11:46:17-07:00,1,13
style.css,233,css,be230187,ishita-takkar,2025-05-03,11:46:17,-07:00,2025-05-03T11:46:17-07:00,1,15
style.css,234,css,be230187,ishita-takkar,2025-05-03,11:46:17,-07:00,2025-05-03T11:46:17-07:00,0,0
style.css,235,css,7422a87d,ishita-takkar,2025-05-03,12:08:28,-07:00,2025-05-03T12:08:28-07:00,0,0
style.css,236,css,7422a87d,ishita-takkar,2025-05-03,12:08:28,-07:00,2025-05-03T12:08:28-07:00,0,0
style.css,237,css,7422a87d,ishita-takkar,2025-05-03,12:08:28,-07:00,2025-05-03T12:08:28-07:00,0,13
style.css,238,css,7422a87d,ishita-takkar,2025-05-03,12:08:28,-07:00,2025-05-03T12:08:28-07:00,1,17
style.css,239,css,7422a87d,ishita-takkar,2025-05-03,12:08:28,-07:00,2025-05-03T12:08:28-07:00,1,8
style.css,240,css,7422a87d,ishita-takkar,2025-05-03,12:08:28,-07:00,2025-05-03T12:08:28-07:00,1,10
style.css,241,css,7422a87d,ishita-takkar,2025-05-03,12:08:28,-07:00,2025-05-03T12:08:28-07:00,1,17
style.css,242,css,7422a87d,ishita-takkar,2025-05-03,12:08:28,-07:00,2025-05-03T12:08:28-07:00,1,19
style.css,243,css,7422a87d,ishita-takkar,2025-05-03,12:08:28,-07:00,2025-05-03T12:08:28-07:00,1,12
style.css,244,css,7422a87d,ishita-takkar,2025-05-03,12:08:28,-07:00,2025-05-03T12:08:28-07:00,0,0
style.css,245,css,7422a87d,ishita-takkar,2025-05-03,12:08:28,-07:00,2025-05-03T12:08:28-07:00,0,0
style.css,246,css,b90b5b0b,ishita-takkar,2025-05-03,12:18:50,-07:00,2025-05-03T12:18:50-07:00,0,17
style.css,247,css,b90b5b0b,ishita-takkar,2025-05-03,12:18:50,-07:00,2025-05-03T12:18:50-07:00,1,12
style.css,248,css,e7e9b841,ishita-takkar,2025-05-03,12:43:20,-07:00,2025-05-03T12:43:20-07:00,1,36
style.css,249,css,e7e9b841,ishita-takkar,2025-05-03,12:43:20,-07:00,2025-05-03T12:43:20-07:00,1,13
style.css,250,css,b90b5b0b,ishita-takkar,2025-05-03,12:18:50,-07:00,2025-05-03T12:18:50-07:00,1,17
style.css,251,css,e7e9b841,ishita-takkar,2025-05-03,12:43:20,-07:00,2025-05-03T12:43:20-07:00,1,15
style.css,252,css,b90b5b0b,ishita-takkar,2025-05-03,12:18:50,-07:00,2025-05-03T12:18:50-07:00,0,0
style.css,253,css,b90b5b0b,ishita-takkar,2025-05-03,12:18:50,-07:00,2025-05-03T12:18:50-07:00,0,0
style.css,254,css,b90b5b0b,ishita-takkar,2025-05-03,12:18:50,-07:00,2025-05-03T12:18:50-07:00,0,17
style.css,255,css,e7e9b841,ishita-takkar,2025-05-03,12:43:20,-07:00,2025-05-03T12:43:20-07:00,1,10
style.css,256,css,eab2fc5b,ishita-takkar,2025-05-03,12:29:22,-07:00,2025-05-03T12:29:22-07:00,1,16
style.css,257,css,b90b5b0b,ishita-takkar,2025-05-03,12:18:50,-07:00,2025-05-03T12:18:50-07:00,0,0
style.css,258,css,b90b5b0b,ishita-takkar,2025-05-03,12:18:50,-07:00,2025-05-03T12:18:50-07:00,0,0
style.css,259,css,b90b5b0b,ishita-takkar,2025-05-03,12:18:50,-07:00,2025-05-03T12:18:50-07:00,0,17
style.css,260,css,e7e9b841,ishita-takkar,2025-05-03,12:43:20,-07:00,2025-05-03T12:43:20-07:00,1,10
style.css,261,css,b90b5b0b,ishita-takkar,2025-05-03,12:18:50,-07:00,2025-05-03T12:18:50-07:00,1,8
style.css,262,css,b90b5b0b,ishita-takkar,2025-05-03,12:18:50,-07:00,2025-05-03T12:18:50-07:00,0,0
style.css,263,css,b90b5b0b,ishita-takkar,2025-05-03,12:18:50,-07:00,2025-05-03T12:18:50-07:00,0,0
style.css,264,css,b90b5b0b,ishita-takkar,2025-05-03,12:18:50,-07:00,2025-05-03T12:18:50-07:00,0,0
style.css,265,css,eab2fc5b,ishita-takkar,2025-05-03,12:29:22,-07:00,2025-05-03T12:29:22-07:00,0,0
style.css,266,css,eab2fc5b,ishita-takkar,2025-05-03,12:29:22,-07:00,2025-05-03T12:29:22-07:00,0,0
style.css,267,css,e7e9b841,ishita-takkar,2025-05-03,12:43:20,-07:00,2025-05-03T12:43:20-07:00,0,0
resume.html,1,html,a6ee5977,ishita-takkar,2025-04-04,20:31:38,-07:00,2025-04-04T20:31:38-07:00,0,13
resume.html,2,html,a6ee5977,ishita-takkar,2025-04-04,20:31:38,-07:00,2025-04-04T20:31:38-07:00,0,14
resume.html,3,html,a6ee5977,ishita-takkar,2025-04-04,20:31:38,-07:00,2025-04-04T20:31:38-07:00,0,4
resume.html,4,html,8eb73795,ishita-takkar,2025-04-11,14:40:52,-07:00,2025-04-11T14:40:52-07:00,2,38
resume.html,5,html,abb4f93f,ishita-takkar,2025-04-17,23:50:34,-07:00,2025-04-17T23:50:34-07:00,2,45
resume.html,6,html,a6ee5977,ishita-takkar,2025-04-04,20:31:38,-07:00,2025-04-04T20:31:38-07:00,2,20
resume.html,7,html,a6ee5977,ishita-takkar,2025-04-04,20:31:38,-07:00,2025-04-04T20:31:38-07:00,2,68
resume.html,8,html,a6ee5977,ishita-takkar,2025-04-04,20:31:38,-07:00,2025-04-04T20:31:38-07:00,2,23
resume.html,9,html,a6ee5977,ishita-takkar,2025-04-04,20:31:38,-07:00,2025-04-04T20:31:38-07:00,0,5
resume.html,10,html,0c6d9b18,ishita-takkar,2025-04-11,14:24:05,-07:00,2025-04-11T14:24:05-07:00,0,19
resume.html,11,html,8fc57d9f,ishita-takkar,2025-04-11,14:28:33,-07:00,2025-04-11T14:28:33-07:00,1,25
resume.html,12,html,a6ee5977,ishita-takkar,2025-04-04,20:31:38,-07:00,2025-04-04T20:31:38-07:00,2,22
resume.html,13,html,6f5df429,ishita-takkar,2025-04-11,14:35:06,-07:00,2025-04-11T14:35:06-07:00,2,1
resume.html,14,html,6f5df429,ishita-takkar,2025-04-11,14:35:06,-07:00,2025-04-11T14:35:06-07:00,3,59
resume.html,15,html,6f5df429,ishita-takkar,2025-04-11,14:35:06,-07:00,2025-04-11T14:35:06-07:00,3,30
resume.html,16,html,6f5df429,ishita-takkar,2025-04-11,14:35:06,-07:00,2025-04-11T14:35:06-07:00,3,82
resume.html,17,html,6f5df429,ishita-takkar,2025-04-11,14:35:06,-07:00,2025-04-11T14:35:06-07:00,2,2
resume.html,18,html,8fc57d9f,ishita-takkar,2025-04-11,14:28:33,-07:00,2025-04-11T14:28:33-07:00,1,4
resume.html,19,html,a6ee5977,ishita-takkar,2025-04-04,20:31:38,-07:00,2025-04-04T20:31:38-07:00,2,7
resume.html,20,html,a6ee5977,ishita-takkar,2025-04-04,20:31:38,-07:00,2025-04-04T20:31:38-07:00,4,33
resume.html,21,html,a6ee5977,ishita-takkar,2025-04-04,20:31:38,-07:00,2025-04-04T20:31:38-07:00,4,7
resume.html,22,html,a6ee5977,ishita-takkar,2025-04-04,20:31:38,-07:00,2025-04-04T20:31:38-07:00,5,42
resume.html,23,html,a6ee5977,ishita-takkar,2025-04-04,20:31:38,-07:00,2025-04-04T20:31:38-07:00,5,25
resume.html,24,html,a6ee5977,ishita-takkar,2025-04-04,20:31:38,-07:00,2025-04-04T20:31:38-07:00,5,83
resume.html,25,html,a6ee5977,ishita-takkar,2025-04-04,20:31:38,-07:00,2025-04-04T20:31:38-07:00,5,89
resume.html,26,html,a6ee5977,ishita-takkar,2025-04-04,20:31:38,-07:00,2025-04-04T20:31:38-07:00,4,8
resume.html,27,html,a6ee5977,ishita-takkar,2025-04-04,20:31:38,-07:00,2025-04-04T20:31:38-07:00,3,8
resume.html,28,html,a6ee5977,ishita-takkar,2025-04-04,20:31:38,-07:00,2025-04-04T20:31:38-07:00,0,0
resume.html,29,html,a6ee5977,ishita-takkar,2025-04-04,20:31:38,-07:00,2025-04-04T20:31:38-07:00,3,7
resume.html,30,html,a6ee5977,ishita-takkar,2025-04-04,20:31:38,-07:00,2025-04-04T20:31:38-07:00,4,30
resume.html,31,html,a6ee5977,ishita-takkar,2025-04-04,20:31:38,-07:00,2025-04-04T20:31:38-07:00,4,2
resume.html,32,html,a6ee5977,ishita-takkar,2025-04-04,20:31:38,-07:00,2025-04-04T20:31:38-07:00,5,37
resume.html,33,html,a6ee5977,ishita-takkar,2025-04-04,20:31:38,-07:00,2025-04-04T20:31:38-07:00,5,47
resume.html,34,html,a6ee5977,ishita-takkar,2025-04-04,20:31:38,-07:00,2025-04-04T20:31:38-07:00,5,53
resume.html,35,html,a6ee5977,ishita-takkar,2025-04-04,20:31:38,-07:00,2025-04-04T20:31:38-07:00,5,69
resume.html,36,html,a6ee5977,ishita-takkar,2025-04-04,20:31:38,-07:00,2025-04-04T20:31:38-07:00,4,3
resume.html,37,html,a6ee5977,ishita-takkar,2025-04-04,20:31:38,-07:00,2025-04-04T20:31:38-07:00,3,8
resume.html,38,html,a6ee5977,ishita-takkar,2025-04-04,20:31:38,-07:00,2025-04-04T20:31:38-07:00,0,0
resume.html,39,html,a6ee5977,ishita-takkar,2025-04-04,20:31:38,-07:00,2025-04-04T20:31:38-07:00,3,7
resume.html,40,html,a6ee5977,ishita-takkar,2025-04-04,20:31:38,-07:00,2025-04-04T20:31:38-07:00,3,34
resume.html,41,html,a6ee5977,ishita-takkar,2025-04-04,20:31:38,-07:00,2025-04-04T20:31:38-07:00,3,7
resume.html,42,html,a6ee5977,ishita-takkar,2025-04-04,20:31:38,-07:00,2025-04-04T20:31:38-07:00,4,40
resume.html,43,html,a6ee5977,ishita-takkar,2025-04-04,20:31:38,-07:00,2025-04-04T20:31:38-07:00,4,82
resume.html,44,html,a6ee5977,ishita-takkar,2025-04-04,20:31:38,-07:00,2025-04-04T20:31:38-07:00,4,67
resume.html,45,html,a6ee5977,ishita-takkar,2025-04-04,20:31:38,-07:00,2025-04-04T20:31:38-07:00,4,69
resume.html,46,html,a6ee5977,ishita-takkar,2025-04-04,20:31:38,-07:00,2025-04-04T20:31:38-07:00,3,8
resume.html,47,html,a6ee5977,ishita-takkar,2025-04-04,20:31:38,-07:00,2025-04-04T20:31:38-07:00,0,0
resume.html,48,html,a6ee5977,ishita-takkar,2025-04-04,20:31:38,-07:00,2025-04-04T20:31:38-07:00,3,7
resume.html,49,html,a6ee5977,ishita-takkar,2025-04-04,20:31:38,-07:00,2025-04-04T20:31:38-07:00,4,45
resume.html,50,html,a6ee5977,ishita-takkar,2025-04-04,20:31:38,-07:00,2025-04-04T20:31:38-07:00,4,81
resume.html,51,html,a6ee5977,ishita-takkar,2025-04-04,20:31:38,-07:00,2025-04-04T20:31:38-07:00,4,85
resume.html,52,html,a6ee5977,ishita-takkar,2025-04-04,20:31:38,-07:00,2025-04-04T20:31:38-07:00,4,71
resume.html,53,html,a6ee5977,ishita-takkar,2025-04-04,20:31:38,-07:00,2025-04-04T20:31:38-07:00,3,8
resume.html,54,html,a6ee5977,ishita-takkar,2025-04-04,20:31:38,-07:00,2025-04-04T20:31:38-07:00,2,8
resume.html,55,html,a6ee5977,ishita-takkar,2025-04-04,20:31:38,-07:00,2025-04-04T20:31:38-07:00,0,0
resume.html,56,html,a6ee5977,ishita-takkar,2025-04-04,20:31:38,-07:00,2025-04-04T20:31:38-07:00,2,7
resume.html,57,html,a6ee5977,ishita-takkar,2025-04-04,20:31:38,-07:00,2025-04-04T20:31:38-07:00,3,32
resume.html,58,html,a6ee5977,ishita-takkar,2025-04-04,20:31:38,-07:00,2025-04-04T20:31:38-07:00,3,7
resume.html,59,html,a6ee5977,ishita-takkar,2025-04-04,20:31:38,-07:00,2025-04-04T20:31:38-07:00,4,35
resume.html,60,html,a6ee5977,ishita-takkar,2025-04-04,20:31:38,-07:00,2025-04-04T20:31:38-07:00,4,153
resume.html,61,html,a6ee5977,ishita-takkar,2025-04-04,20:31:38,-07:00,2025-04-04T20:31:38-07:00,3,8
resume.html,62,html,a6ee5977,ishita-takkar,2025-04-04,20:31:38,-07:00,2025-04-04T20:31:38-07:00,2,8
resume.html,63,html,c45cd82d,ishita-takkar,2025-04-18,14:24:26,-07:00,2025-04-18T14:24:26-07:00,2,45
resume.html,64,html,a6ee5977,ishita-takkar,2025-04-04,20:31:38,-07:00,2025-04-04T20:31:38-07:00,0,5
resume.html,65,html,a6ee5977,ishita-takkar,2025-04-04,20:31:38,-07:00,2025-04-04T20:31:38-07:00,0,5
index.js,1,js,0817871e,ishita-takkar,2025-04-25,21:17:06,-07:00,2025-04-25T21:17:06-07:00,0,71
index.js,2,js,9a1847cf,ishita-takkar,2025-04-25,18:12:02,-07:00,2025-04-25T18:12:02-07:00,0,0
index.js,3,js,9a1847cf,ishita-takkar,2025-04-25,18:12:02,-07:00,2025-04-25T18:12:02-07:00,0,60
index.js,4,js,b90b5b0b,ishita-takkar,2025-05-03,12:18:50,-07:00,2025-05-03T12:18:50-07:00,0,60
index.js,5,js,9a1847cf,ishita-takkar,2025-04-25,18:12:02,-07:00,2025-04-25T18:12:02-07:00,0,0
index.js,6,js,b90b5b0b,ishita-takkar,2025-05-03,12:18:50,-07:00,2025-05-03T12:18:50-07:00,0,12
index.js,7,js,c8c03ec3,ishita-takkar,2025-04-25,19:50:18,-07:00,2025-04-25T19:50:18-07:00,0,0
index.js,8,js,b90b5b0b,ishita-takkar,2025-05-03,12:18:50,-07:00,2025-05-03T12:18:50-07:00,1,54
index.js,9,js,b90b5b0b,ishita-takkar,2025-05-03,12:18:50,-07:00,2025-05-03T12:18:50-07:00,1,42
index.js,10,js,b90b5b0b,ishita-takkar,2025-05-03,12:18:50,-07:00,2025-05-03T12:18:50-07:00,1,54
index.js,11,js,c8c03ec3,ishita-takkar,2025-04-25,19:50:18,-07:00,2025-04-25T19:50:18-07:00,0,0
index.js,12,js,c8c03ec3,ishita-takkar,2025-04-25,19:50:18,-07:00,2025-04-25T19:50:18-07:00,0,0
index.js,13,js,b90b5b0b,ishita-takkar,2025-05-03,12:18:50,-07:00,2025-05-03T12:18:50-07:00,1,56
index.js,14,js,b90b5b0b,ishita-takkar,2025-05-03,12:18:50,-07:00,2025-05-03T12:18:50-07:00,1,17
index.js,15,js,b90b5b0b,ishita-takkar,2025-05-03,12:18:50,-07:00,2025-05-03T12:18:50-07:00,2,24
index.js,16,js,e7e9b841,ishita-takkar,2025-05-03,12:43:20,-07:00,2025-05-03T12:43:20-07:00,2,2
index.js,17,js,e7e9b841,ishita-takkar,2025-05-03,12:43:20,-07:00,2025-05-03T12:43:20-07:00,3,55
index.js,18,js,e7e9b841,ishita-takkar,2025-05-03,12:43:20,-07:00,2025-05-03T12:43:20-07:00,3,55
index.js,19,js,e7e9b841,ishita-takkar,2025-05-03,12:43:20,-07:00,2025-05-03T12:43:20-07:00,3,49
index.js,20,js,e7e9b841,ishita-takkar,2025-05-03,12:43:20,-07:00,2025-05-03T12:43:20-07:00,3,49
index.js,21,js,e7e9b841,ishita-takkar,2025-05-03,12:43:20,-07:00,2025-05-03T12:43:20-07:00,2,3
index.js,22,js,e7e9b841,ishita-takkar,2025-05-03,12:43:20,-07:00,2025-05-03T12:43:20-07:00,1,0
index.js,23,js,b90b5b0b,ishita-takkar,2025-05-03,12:18:50,-07:00,2025-05-03T12:18:50-07:00,1,0
index.js,24,js,b90b5b0b,ishita-takkar,2025-05-03,12:18:50,-07:00,2025-05-03T12:18:50-07:00,0,3
index.html,1,html,e252f9d3,ishita-takkar,2025-04-04,12:50:22,-07:00,2025-04-04T12:50:22-07:00,0,13
index.html,2,html,e252f9d3,ishita-takkar,2025-04-04,12:50:22,-07:00,2025-04-04T12:50:22-07:00,0,14
index.html,3,html,e252f9d3,ishita-takkar,2025-04-04,12:50:22,-07:00,2025-04-04T12:50:22-07:00,0,4
index.html,4,html,0817871e,ishita-takkar,2025-04-25,21:17:06,-07:00,2025-04-25T21:17:06-07:00,1,23
index.html,5,html,0817871e,ishita-takkar,2025-04-25,21:17:06,-07:00,2025-04-25T21:17:06-07:00,1,20
index.html,6,html,0817871e,ishita-takkar,2025-04-25,21:17:06,-07:00,2025-04-25T21:17:06-07:00,1,68
index.html,7,html,0817871e,ishita-takkar,2025-04-25,21:17:06,-07:00,2025-04-25T21:17:06-07:00,1,55
index.html,8,html,0817871e,ishita-takkar,2025-04-25,21:17:06,-07:00,2025-04-25T21:17:06-07:00,1,38
index.html,9,html,e252f9d3,ishita-takkar,2025-04-04,12:50:22,-07:00,2025-04-04T12:50:22-07:00,0,5
index.html,10,html,e252f9d3,ishita-takkar,2025-04-04,12:50:22,-07:00,2025-04-04T12:50:22-07:00,0,4
index.html,11,html,4cb5fad5,ishita-takkar,2025-05-09,13:05:50,-07:00,2025-05-09T13:05:50-07:00,1,20
index.html,12,html,0817871e,ishita-takkar,2025-04-25,21:17:06,-07:00,2025-04-25T21:17:06-07:00,1,66
index.html,13,html,0e00db62,ishita-takkar,2025-04-25,21:08:13,-07:00,2025-04-25T21:08:13-07:00,0,0
index.html,14,html,0817871e,ishita-takkar,2025-04-25,21:17:06,-07:00,2025-04-25T21:17:06-07:00,1,1
index.html,15,html,0817871e,ishita-takkar,2025-04-25,21:17:06,-07:00,2025-04-25T21:17:06-07:00,2,112
index.html,16,html,0817871e,ishita-takkar,2025-04-25,21:17:06,-07:00,2025-04-25T21:17:06-07:00,2,84
index.html,17,html,0817871e,ishita-takkar,2025-04-25,21:17:06,-07:00,2025-04-25T21:17:06-07:00,1,2
index.html,18,html,0817871e,ishita-takkar,2025-04-25,21:17:06,-07:00,2025-04-25T21:17:06-07:00,0,0
index.html,19,html,0817871e,ishita-takkar,2025-04-25,21:17:06,-07:00,2025-04-25T21:17:06-07:00,1,22
index.html,20,html,0817871e,ishita-takkar,2025-04-25,21:17:06,-07:00,2025-04-25T21:17:06-07:00,1,26
index.html,21,html,0817871e,ishita-takkar,2025-04-25,21:17:06,-07:00,2025-04-25T21:17:06-07:00,0,0
index.html,22,html,eab2fc5b,ishita-takkar,2025-05-03,12:29:22,-07:00,2025-05-03T12:29:22-07:00,1,22
index.html,23,html,eab2fc5b,ishita-takkar,2025-05-03,12:29:22,-07:00,2025-05-03T12:29:22-07:00,1,28
index.html,24,html,0817871e,ishita-takkar,2025-04-25,21:17:06,-07:00,2025-04-25T21:17:06-07:00,0,0
index.html,25,html,0817871e,ishita-takkar,2025-04-25,21:17:06,-07:00,2025-04-25T21:17:06-07:00,1,45
index.html,26,html,0817871e,ishita-takkar,2025-04-25,21:17:06,-07:00,2025-04-25T21:17:06-07:00,1,44
index.html,27,html,e252f9d3,ishita-takkar,2025-04-04,12:50:22,-07:00,2025-04-04T12:50:22-07:00,0,5
index.html,28,html,0817871e,ishita-takkar,2025-04-25,21:17:06,-07:00,2025-04-25T21:17:06-07:00,0,5
global.js,1,js,aca0dbb9,ishita-takkar,2025-05-03,11:22:56,-07:00,2025-05-03T11:22:56-07:00,0,25
global.js,2,js,e1f1acdd,ishita-takkar,2025-04-25,17:30:27,-07:00,2025-04-25T17:30:27-07:00,0,0
global.js,3,js,0817871e,ishita-takkar,2025-04-25,21:17:06,-07:00,2025-04-25T21:17:06-07:00,0,72
global.js,4,js,0817871e,ishita-takkar,2025-04-25,21:17:06,-07:00,2025-04-25T21:17:06-07:00,1,23
global.js,5,js,0817871e,ishita-takkar,2025-04-25,21:17:06,-07:00,2025-04-25T21:17:06-07:00,0,0
global.js,6,js,0817871e,ishita-takkar,2025-04-25,21:17:06,-07:00,2025-04-25T21:17:06-07:00,1,29
global.js,7,js,e1f1acdd,ishita-takkar,2025-04-25,17:30:27,-07:00,2025-04-25T17:30:27-07:00,2,48
global.js,8,js,e1f1acdd,ishita-takkar,2025-04-25,17:30:27,-07:00,2025-04-25T17:30:27-07:00,0,0
global.js,9,js,7422a87d,ishita-takkar,2025-05-03,12:08:28,-07:00,2025-05-03T12:08:28-07:00,2,51
global.js,10,js,7422a87d,ishita-takkar,2025-05-03,12:08:28,-07:00,2025-05-03T12:08:28-07:00,2,34
global.js,11,js,e1f1acdd,ishita-takkar,2025-04-25,17:30:27,-07:00,2025-04-25T17:30:27-07:00,0,0
global.js,12,js,7422a87d,ishita-takkar,2025-05-03,12:08:28,-07:00,2025-05-03T12:08:28-07:00,2,40
global.js,13,js,7422a87d,ishita-takkar,2025-05-03,12:08:28,-07:00,2025-05-03T12:08:28-07:00,2,22
global.js,14,js,7422a87d,ishita-takkar,2025-05-03,12:08:28,-07:00,2025-05-03T12:08:28-07:00,2,22
global.js,15,js,0817871e,ishita-takkar,2025-04-25,21:17:06,-07:00,2025-04-25T21:17:06-07:00,0,0
global.js,16,js,7422a87d,ishita-takkar,2025-05-03,12:08:28,-07:00,2025-05-03T12:08:28-07:00,2,46
global.js,17,js,7422a87d,ishita-takkar,2025-05-03,12:08:28,-07:00,2025-05-03T12:08:28-07:00,2,44
global.js,18,js,7422a87d,ishita-takkar,2025-05-03,12:08:28,-07:00,2025-05-03T12:08:28-07:00,0,0
global.js,19,js,7422a87d,ishita-takkar,2025-05-03,12:08:28,-07:00,2025-05-03T12:08:28-07:00,2,39
global.js,20,js,7422a87d,ishita-takkar,2025-05-03,12:08:28,-07:00,2025-05-03T12:08:28-07:00,2,41
global.js,21,js,7422a87d,ishita-takkar,2025-05-03,12:08:28,-07:00,2025-05-03T12:08:28-07:00,2,33
global.js,22,js,7422a87d,ishita-takkar,2025-05-03,12:08:28,-07:00,2025-05-03T12:08:28-07:00,0,0
global.js,23,js,7422a87d,ishita-takkar,2025-05-03,12:08:28,-07:00,2025-05-03T12:08:28-07:00,2,50
global.js,24,js,7422a87d,ishita-takkar,2025-05-03,12:08:28,-07:00,2025-05-03T12:08:28-07:00,2,42
global.js,25,js,7422a87d,ishita-takkar,2025-05-03,12:08:28,-07:00,2025-05-03T12:08:28-07:00,2,38
global.js,26,js,7422a87d,ishita-takkar,2025-05-03,12:08:28,-07:00,2025-05-03T12:08:28-07:00,0,0
global.js,27,js,7422a87d,ishita-takkar,2025-05-03,12:08:28,-07:00,2025-05-03T12:08:28-07:00,2,42
global.js,28,js,7422a87d,ishita-takkar,2025-05-03,12:08:28,-07:00,2025-05-03T12:08:28-07:00,2,24
global.js,29,js,e1f1acdd,ishita-takkar,2025-04-25,17:30:27,-07:00,2025-04-25T17:30:27-07:00,1,0
global.js,30,js,e1f1acdd,ishita-takkar,2025-04-25,17:30:27,-07:00,2025-04-25T17:30:27-07:00,0,0
global.js,31,js,0817871e,ishita-takkar,2025-04-25,21:17:06,-07:00,2025-04-25T21:17:06-07:00,1,26
global.js,32,js,0817871e,ishita-takkar,2025-04-25,21:17:06,-07:00,2025-04-25T21:17:06-07:00,2,48
global.js,33,js,e1f1acdd,ishita-takkar,2025-04-25,17:30:27,-07:00,2025-04-25T17:30:27-07:00,1,0
global.js,34,js,e1f1acdd,ishita-takkar,2025-04-25,17:30:27,-07:00,2025-04-25T17:30:27-07:00,0,0
global.js,35,js,0817871e,ishita-takkar,2025-04-25,21:17:06,-07:00,2025-04-25T21:17:06-07:00,0,0
global.js,36,js,e1f1acdd,ishita-takkar,2025-04-25,17:30:27,-07:00,2025-04-25T17:30:27-07:00,0,36
global.js,37,js,e1f1acdd,ishita-takkar,2025-04-25,17:30:27,-07:00,2025-04-25T17:30:27-07:00,1,3
global.js,38,js,e1f1acdd,ishita-takkar,2025-04-25,17:30:27,-07:00,2025-04-25T17:30:27-07:00,2,32
global.js,39,js,aca0dbb9,ishita-takkar,2025-05-03,11:22:56,-07:00,2025-05-03T11:22:56-07:00,2,20
global.js,40,js,be230187,ishita-takkar,2025-05-03,11:46:17,-07:00,2025-05-03T11:46:17-07:00,0,0
global.js,41,js,aca0dbb9,ishita-takkar,2025-05-03,11:22:56,-07:00,2025-05-03T11:22:56-07:00,2,17
global.js,42,js,e1f1acdd,ishita-takkar,2025-04-25,17:30:27,-07:00,2025-04-25T17:30:27-07:00,3,66
global.js,43,js,e1f1acdd,ishita-takkar,2025-04-25,17:30:27,-07:00,2025-04-25T17:30:27-07:00,2,0
global.js,44,js,be230187,ishita-takkar,2025-05-03,11:46:17,-07:00,2025-05-03T11:46:17-07:00,0,0
global.js,45,js,e1f1acdd,ishita-takkar,2025-04-25,17:30:27,-07:00,2025-04-25T17:30:27-07:00,2,33
global.js,46,js,e1f1acdd,ishita-takkar,2025-04-25,17:30:27,-07:00,2025-04-25T17:30:27-07:00,2,10
global.js,47,js,e1f1acdd,ishita-takkar,2025-04-25,17:30:27,-07:00,2025-04-25T17:30:27-07:00,1,15
global.js,48,js,e1f1acdd,ishita-takkar,2025-04-25,17:30:27,-07:00,2025-04-25T17:30:27-07:00,2,59
global.js,49,js,e1f1acdd,ishita-takkar,2025-04-25,17:30:27,-07:00,2025-04-25T17:30:27-07:00,1,0
global.js,50,js,e1f1acdd,ishita-takkar,2025-04-25,17:30:27,-07:00,2025-04-25T17:30:27-07:00,0,0
global.js,51,js,e1f1acdd,ishita-takkar,2025-04-25,17:30:27,-07:00,2025-04-25T17:30:27-07:00,0,0
global.js,52,js,c8c03ec3,ishita-takkar,2025-04-25,19:50:18,-07:00,2025-04-25T19:50:18-07:00,0,47
global.js,53,js,c8c03ec3,ishita-takkar,2025-04-25,19:50:18,-07:00,2025-04-25T19:50:18-07:00,1,59
global.js,54,js,c8c03ec3,ishita-takkar,2025-04-25,19:50:18,-07:00,2025-04-25T19:50:18-07:00,0,0
global.js,55,js,c8c03ec3,ishita-takkar,2025-04-25,19:50:18,-07:00,2025-04-25T19:50:18-07:00,0,0
global.js,56,js,be230187,ishita-takkar,2025-05-03,11:46:17,-07:00,2025-05-03T11:46:17-07:00,0,88
global.js,57,js,7422a87d,ishita-takkar,2025-05-03,12:08:28,-07:00,2025-05-03T12:08:28-07:00,1,3
global.js,58,js,7422a87d,ishita-takkar,2025-05-03,12:08:28,-07:00,2025-05-03T12:08:28-07:00,1,14
global.js,59,js,aca0dbb9,ishita-takkar,2025-05-03,11:22:56,-07:00,2025-05-03T11:22:56-07:00,0,0
global.js,60,js,ffcb3860,ishita-takkar,2025-04-17,22:50:30,-07:00,2025-04-17T22:50:30-07:00,0,11
global.js,61,js,aca0dbb9,ishita-takkar,2025-05-03,11:22:56,-07:00,2025-05-03T11:22:56-07:00,1,35
global.js,62,js,aca0dbb9,ishita-takkar,2025-05-03,11:22:56,-07:00,2025-05-03T11:22:56-07:00,1,38
global.js,63,js,7422a87d,ishita-takkar,2025-05-03,12:08:28,-07:00,2025-05-03T12:08:28-07:00,1,38
global.js,64,js,aca0dbb9,ishita-takkar,2025-05-03,11:22:56,-07:00,2025-05-03T11:22:56-07:00,1,36
global.js,65,js,aca0dbb9,ishita-takkar,2025-05-03,11:22:56,-07:00,2025-05-03T11:22:56-07:00,1,58
global.js,66,js,2f220b8f,ishita-takkar,2025-04-18,17:41:36,-07:00,2025-04-18T17:41:36-07:00,0,0
global.js,67,js,ffcb3860,ishita-takkar,2025-04-17,22:50:30,-07:00,2025-04-17T22:50:30-07:00,0,0
global.js,68,js,ffcb3860,ishita-takkar,2025-04-17,22:50:30,-07:00,2025-04-17T22:50:30-07:00,0,38
global.js,69,js,ffcb3860,ishita-takkar,2025-04-17,22:50:30,-07:00,2025-04-17T22:50:30-07:00,0,25
global.js,70,js,ffcb3860,ishita-takkar,2025-04-17,22:50:30,-07:00,2025-04-17T22:50:30-07:00,0,0
global.js,71,js,ffcb3860,ishita-takkar,2025-04-17,22:50:30,-07:00,2025-04-17T22:50:30-07:00,0,20
global.js,72,js,aca0dbb9,ishita-takkar,2025-05-03,11:22:56,-07:00,2025-05-03T11:22:56-07:00,1,14
global.js,73,js,aca0dbb9,ishita-takkar,2025-05-03,11:22:56,-07:00,2025-05-03T11:22:56-07:00,1,18
global.js,74,js,aca0dbb9,ishita-takkar,2025-05-03,11:22:56,-07:00,2025-05-03T11:22:56-07:00,1,52
global.js,75,js,aca0dbb9,ishita-takkar,2025-05-03,11:22:56,-07:00,2025-05-03T11:22:56-07:00,0,0
global.js,76,js,aca0dbb9,ishita-takkar,2025-05-03,11:22:56,-07:00,2025-05-03T11:22:56-07:00,1,34
global.js,77,js,aca0dbb9,ishita-takkar,2025-05-03,11:22:56,-07:00,2025-05-03T11:22:56-07:00,1,11
global.js,78,js,aca0dbb9,ishita-takkar,2025-05-03,11:22:56,-07:00,2025-05-03T11:22:56-07:00,1,20
global.js,79,js,aca0dbb9,ishita-takkar,2025-05-03,11:22:56,-07:00,2025-05-03T11:22:56-07:00,0,0
global.js,80,js,aca0dbb9,ishita-takkar,2025-05-03,11:22:56,-07:00,2025-05-03T11:22:56-07:00,1,17
global.js,81,js,aca0dbb9,ishita-takkar,2025-05-03,11:22:56,-07:00,2025-05-03T11:22:56-07:00,2,8
global.js,82,js,aca0dbb9,ishita-takkar,2025-05-03,11:22:56,-07:00,2025-05-03T11:22:56-07:00,2,58
global.js,83,js,aca0dbb9,ishita-takkar,2025-05-03,11:22:56,-07:00,2025-05-03T11:22:56-07:00,1,0
global.js,84,js,aca0dbb9,ishita-takkar,2025-05-03,11:22:56,-07:00,2025-05-03T11:22:56-07:00,0,0
global.js,85,js,aca0dbb9,ishita-takkar,2025-05-03,11:22:56,-07:00,2025-05-03T11:22:56-07:00,1,52
global.js,86,js,aca0dbb9,ishita-takkar,2025-05-03,11:22:56,-07:00,2025-05-03T11:22:56-07:00,1,49
global.js,87,js,aca0dbb9,ishita-takkar,2025-05-03,11:22:56,-07:00,2025-05-03T11:22:56-07:00,1,12
global.js,88,js,2f220b8f,ishita-takkar,2025-04-18,17:41:36,-07:00,2025-04-18T17:41:36-07:00,0,0
global.js,89,js,929022f9,ishita-takkar,2025-04-18,16:54:38,-07:00,2025-04-18T16:54:38-07:00,0,0
global.js,90,js,7422a87d,ishita-takkar,2025-05-03,12:08:28,-07:00,2025-05-03T12:08:28-07:00,0,49
global.js,91,js,7422a87d,ishita-takkar,2025-05-03,12:08:28,-07:00,2025-05-03T12:08:28-07:00,0,36
global.js,92,js,7422a87d,ishita-takkar,2025-05-03,12:08:28,-07:00,2025-05-03T12:08:28-07:00,0,22
global.js,93,js,7422a87d,ishita-takkar,2025-05-03,12:08:28,-07:00,2025-05-03T12:08:28-07:00,1,4
global.js,94,js,7422a87d,ishita-takkar,2025-05-03,12:08:28,-07:00,2025-05-03T12:08:28-07:00,1,24
global.js,95,js,7422a87d,ishita-takkar,2025-05-03,12:08:28,-07:00,2025-05-03T12:08:28-07:00,2,43
global.js,96,js,7422a87d,ishita-takkar,2025-05-03,12:08:28,-07:00,2025-05-03T12:08:28-07:00,2,34
global.js,97,js,7422a87d,ishita-takkar,2025-05-03,12:08:28,-07:00,2025-05-03T12:08:28-07:00,2,32
global.js,98,js,7422a87d,ishita-takkar,2025-05-03,12:08:28,-07:00,2025-05-03T12:08:28-07:00,1,7
global.js,99,js,7422a87d,ishita-takkar,2025-05-03,12:08:28,-07:00,2025-05-03T12:08:28-07:00,0,0
global.js,100,js,7422a87d,ishita-takkar,2025-05-03,12:08:28,-07:00,2025-05-03T12:08:28-07:00,0,42
global.js,101,js,2f220b8f,ishita-takkar,2025-04-18,17:41:36,-07:00,2025-04-18T17:41:36-07:00,0,0
global.js,102,js,2f220b8f,ishita-takkar,2025-04-18,17:41:36,-07:00,2025-04-18T17:41:36-07:00,0,53
global.js,103,js,2f220b8f,ishita-takkar,2025-04-18,17:41:36,-07:00,2025-04-18T17:41:36-07:00,0,0
global.js,104,js,75441842,ishita-takkar,2025-04-18,17:38:15,-07:00,2025-04-18T17:38:15-07:00,0,31
global.js,105,js,ac67c309,ishita-takkar,2025-05-03,12:00:36,-07:00,2025-05-03T12:00:36-07:00,1,65
global.js,106,js,7422a87d,ishita-takkar,2025-05-03,12:08:28,-07:00,2025-05-03T12:08:28-07:00,0,0
global.js,107,js,7422a87d,ishita-takkar,2025-05-03,12:08:28,-07:00,2025-05-03T12:08:28-07:00,1,28
global.js,108,js,7422a87d,ishita-takkar,2025-05-03,12:08:28,-07:00,2025-05-03T12:08:28-07:00,2,45
global.js,109,js,7422a87d,ishita-takkar,2025-05-03,12:08:28,-07:00,2025-05-03T12:08:28-07:00,1,6
global.js,110,js,7422a87d,ishita-takkar,2025-05-03,12:08:28,-07:00,2025-05-03T12:08:28-07:00,2,45
global.js,111,js,7422a87d,ishita-takkar,2025-05-03,12:08:28,-07:00,2025-05-03T12:08:28-07:00,1,0
global.js,112,js,7422a87d,ishita-takkar,2025-05-03,12:08:28,-07:00,2025-05-03T12:08:28-07:00,0,0
global.js,113,js,7422a87d,ishita-takkar,2025-05-03,12:08:28,-07:00,2025-05-03T12:08:28-07:00,1,65
global.js,114,js,2f220b8f,ishita-takkar,2025-04-18,17:41:36,-07:00,2025-04-18T17:41:36-07:00,1,32
global.js,115,js,75441842,ishita-takkar,2025-04-18,17:38:15,-07:00,2025-04-18T17:38:15-07:00,0,0
global.js,116,js,2f220b8f,ishita-takkar,2025-04-18,17:41:36,-07:00,2025-04-18T17:41:36-07:00,0,0
global.js,117,js,75441842,ishita-takkar,2025-04-18,17:38:15,-07:00,2025-04-18T17:38:15-07:00,0,34
global.js,118,js,2f220b8f,ishita-takkar,2025-04-18,17:41:36,-07:00,2025-04-18T17:41:36-07:00,1,39
global.js,119,js,ac67c309,ishita-takkar,2025-05-03,12:00:36,-07:00,2025-05-03T12:00:36-07:00,0,6
global.js,120,js,7422a87d,ishita-takkar,2025-05-03,12:08:28,-07:00,2025-05-03T12:08:28-07:00,1,27
global.js,121,js,75441842,ishita-takkar,2025-04-18,17:38:15,-07:00,2025-04-18T17:38:15-07:00,0,0
global.js,122,js,2f220b8f,ishita-takkar,2025-04-18,17:41:36,-07:00,2025-04-18T17:41:36-07:00,0,0
global.js,123,js,2f220b8f,ishita-takkar,2025-04-18,17:41:36,-07:00,2025-04-18T17:41:36-07:00,0,50
global.js,124,js,75441842,ishita-takkar,2025-04-18,17:38:15,-07:00,2025-04-18T17:38:15-07:00,1,32
global.js,125,js,2f220b8f,ishita-takkar,2025-04-18,17:41:36,-07:00,2025-04-18T17:41:36-07:00,1,32
global.js,126,js,7422a87d,ishita-takkar,2025-05-03,12:08:28,-07:00,2025-05-03T12:08:28-07:00,1,21
global.js,127,js,75441842,ishita-takkar,2025-04-18,17:38:15,-07:00,2025-04-18T17:38:15-07:00,0,1
global.js,128,js,d0b1aa09,ishita-takkar,2025-04-18,17:30:13,-07:00,2025-04-18T17:30:13-07:00,0,0
global.js,129,js,75441842,ishita-takkar,2025-04-18,17:38:15,-07:00,2025-04-18T17:38:15-07:00,0,42
global.js,130,js,be230187,ishita-takkar,2025-05-03,11:46:17,-07:00,2025-05-03T11:46:17-07:00,0,0
global.js,131,js,75441842,ishita-takkar,2025-04-18,17:38:15,-07:00,2025-04-18T17:38:15-07:00,0,49
global.js,132,js,2f220b8f,ishita-takkar,2025-04-18,17:41:36,-07:00,2025-04-18T17:41:36-07:00,1,21
global.js,133,js,2f220b8f,ishita-takkar,2025-04-18,17:41:36,-07:00,2025-04-18T17:41:36-07:00,1,30
global.js,134,js,2f220b8f,ishita-takkar,2025-04-18,17:41:36,-07:00,2025-04-18T17:41:36-07:00,1,16
global.js,135,js,28fc2f2d,ishita-takkar,2025-04-17,23:36:05,-07:00,2025-04-17T23:36:05-07:00,0,0
global.js,136,js,2f220b8f,ishita-takkar,2025-04-18,17:41:36,-07:00,2025-04-18T17:41:36-07:00,1,31
global.js,137,js,2f220b8f,ishita-takkar,2025-04-18,17:41:36,-07:00,2025-04-18T17:41:36-07:00,2,50
global.js,138,js,2f220b8f,ishita-takkar,2025-04-18,17:41:36,-07:00,2025-04-18T17:41:36-07:00,1,0
global.js,139,js,28fc2f2d,ishita-takkar,2025-04-17,23:36:05,-07:00,2025-04-17T23:36:05-07:00,0,0
global.js,140,js,2f220b8f,ishita-takkar,2025-04-18,17:41:36,-07:00,2025-04-18T17:41:36-07:00,1,47
global.js,141,js,08a7e7d1,ishita-takkar,2025-04-18,17:44:41,-07:00,2025-04-18T17:44:41-07:00,1,18
global.js,142,js,2f220b8f,ishita-takkar,2025-04-18,17:41:36,-07:00,2025-04-18T17:41:36-07:00,0,1
projects/projects.js,1,js,39b6e2bd,ishita-takkar,2025-04-25,17:21:31,-07:00,2025-04-25T17:21:31-07:00,0,55
projects/projects.js,2,js,0f47d13a,ishita-takkar,2025-05-03,10:13:07,-07:00,2025-05-03T10:13:07-07:00,0,63
projects/projects.js,3,js,0f47d13a,ishita-takkar,2025-05-03,10:13:07,-07:00,2025-05-03T10:13:07-07:00,0,0
projects/projects.js,4,js,9cd6fd79,ishita-takkar,2025-05-03,12:57:15,-07:00,2025-05-03T12:57:15-07:00,0,53
projects/projects.js,5,js,9cd6fd79,ishita-takkar,2025-05-03,12:57:15,-07:00,2025-05-03T12:57:15-07:00,0,58
projects/projects.js,6,js,9cd6fd79,ishita-takkar,2025-05-03,12:57:15,-07:00,2025-05-03T12:57:15-07:00,0,52
projects/projects.js,7,js,9cd6fd79,ishita-takkar,2025-05-03,12:57:15,-07:00,2025-05-03T12:57:15-07:00,0,53
projects/projects.js,8,js,9080a4e8,ishita-takkar,2025-05-03,11:30:08,-07:00,2025-05-03T11:30:08-07:00,0,0
projects/projects.js,9,js,cd05034f,ishita-takkar,2025-05-03,13:00:46,-07:00,2025-05-03T13:00:46-07:00,0,59
projects/projects.js,10,js,9080a4e8,ishita-takkar,2025-05-03,11:30:08,-07:00,2025-05-03T11:30:08-07:00,0,0
projects/projects.js,11,js,cd05034f,ishita-takkar,2025-05-03,13:00:46,-07:00,2025-05-03T13:00:46-07:00,0,21
projects/projects.js,12,js,9080a4e8,ishita-takkar,2025-05-03,11:30:08,-07:00,2025-05-03T11:30:08-07:00,0,0
projects/projects.js,13,js,9cd6fd79,ishita-takkar,2025-05-03,12:57:15,-07:00,2025-05-03T12:57:15-07:00,0,38
projects/projects.js,14,js,9cd6fd79,ishita-takkar,2025-05-03,12:57:15,-07:00,2025-05-03T12:57:15-07:00,1,26
projects/projects.js,15,js,88bed1d7,ishita-takkar,2025-05-03,12:52:47,-07:00,2025-05-03T12:52:47-07:00,2,12
projects/projects.js,16,js,ac67c309,ishita-takkar,2025-05-03,12:00:36,-07:00,2025-05-03T12:00:36-07:00,2,14
projects/projects.js,17,js,ac67c309,ishita-takkar,2025-05-03,12:00:36,-07:00,2025-05-03T12:00:36-07:00,2,11
projects/projects.js,18,js,be230187,ishita-takkar,2025-05-03,11:46:17,-07:00,2025-05-03T11:46:17-07:00,1,0
projects/projects.js,19,js,9080a4e8,ishita-takkar,2025-05-03,11:30:08,-07:00,2025-05-03T11:30:08-07:00,0,0
projects/projects.js,20,js,cd05034f,ishita-takkar,2025-05-03,13:00:46,-07:00,2025-05-03T13:00:46-07:00,1,44
projects/projects.js,21,js,cd05034f,ishita-takkar,2025-05-03,13:00:46,-07:00,2025-05-03T13:00:46-07:00,2,35
projects/projects.js,22,js,cd05034f,ishita-takkar,2025-05-03,13:00:46,-07:00,2025-05-03T13:00:46-07:00,1,1
projects/projects.js,23,js,9080a4e8,ishita-takkar,2025-05-03,11:30:08,-07:00,2025-05-03T11:30:08-07:00,0,0
projects/projects.js,24,js,9cd6fd79,ishita-takkar,2025-05-03,12:57:15,-07:00,2025-05-03T12:57:15-07:00,1,50
projects/projects.js,25,js,9cd6fd79,ishita-takkar,2025-05-03,12:57:15,-07:00,2025-05-03T12:57:15-07:00,1,33
projects/projects.js,26,js,9cd6fd79,ishita-takkar,2025-05-03,12:57:15,-07:00,2025-05-03T12:57:15-07:00,1,57
projects/projects.js,27,js,9cd6fd79,ishita-takkar,2025-05-03,12:57:15,-07:00,2025-05-03T12:57:15-07:00,1,47
projects/projects.js,28,js,9080a4e8,ishita-takkar,2025-05-03,11:30:08,-07:00,2025-05-03T11:30:08-07:00,0,0
projects/projects.js,29,js,cd05034f,ishita-takkar,2025-05-03,13:00:46,-07:00,2025-05-03T13:00:46-07:00,1,40
projects/projects.js,30,js,cd05034f,ishita-takkar,2025-05-03,13:00:46,-07:00,2025-05-03T13:00:46-07:00,1,29
projects/projects.js,31,js,cd05034f,ishita-takkar,2025-05-03,13:00:46,-07:00,2025-05-03T13:00:46-07:00,0,0
projects/projects.js,32,js,9cd6fd79,ishita-takkar,2025-05-03,12:57:15,-07:00,2025-05-03T12:57:15-07:00,1,25
projects/projects.js,33,js,cd05034f,ishita-takkar,2025-05-03,13:00:46,-07:00,2025-05-03T13:00:46-07:00,2,1
projects/projects.js,34,js,cd05034f,ishita-takkar,2025-05-03,13:00:46,-07:00,2025-05-03T13:00:46-07:00,3,13
projects/projects.js,35,js,9cd6fd79,ishita-takkar,2025-05-03,12:57:15,-07:00,2025-05-03T12:57:15-07:00,3,25
projects/projects.js,36,js,ac67c309,ishita-takkar,2025-05-03,12:00:36,-07:00,2025-05-03T12:00:36-07:00,3,22
projects/projects.js,37,js,ac67c309,ishita-takkar,2025-05-03,12:00:36,-07:00,2025-05-03T12:00:36-07:00,3,51
projects/projects.js,38,js,ac67c309,ishita-takkar,2025-05-03,12:00:36,-07:00,2025-05-03T12:00:36-07:00,3,18
projects/projects.js,39,js,ac67c309,ishita-takkar,2025-05-03,12:00:36,-07:00,2025-05-03T12:00:36-07:00,4,43
projects/projects.js,40,js,cd05034f,ishita-takkar,2025-05-03,13:00:46,-07:00,2025-05-03T13:00:46-07:00,0,0
projects/projects.js,41,js,cd05034f,ishita-takkar,2025-05-03,13:00:46,-07:00,2025-05-03T13:00:46-07:00,4,1
projects/projects.js,42,js,cd05034f,ishita-takkar,2025-05-03,13:00:46,-07:00,2025-05-03T13:00:46-07:00,5,16
projects/projects.js,43,js,cd05034f,ishita-takkar,2025-05-03,13:00:46,-07:00,2025-05-03T13:00:46-07:00,5,68
projects/projects.js,44,js,cd05034f,ishita-takkar,2025-05-03,13:00:46,-07:00,2025-05-03T13:00:46-07:00,0,0
projects/projects.js,45,js,cd05034f,ishita-takkar,2025-05-03,13:00:46,-07:00,2025-05-03T13:00:46-07:00,4,4
projects/projects.js,46,js,cd05034f,ishita-takkar,2025-05-03,13:00:46,-07:00,2025-05-03T13:00:46-07:00,5,14
projects/projects.js,47,js,cd05034f,ishita-takkar,2025-05-03,13:00:46,-07:00,2025-05-03T13:00:46-07:00,5,68
projects/projects.js,48,js,cd05034f,ishita-takkar,2025-05-03,13:00:46,-07:00,2025-05-03T13:00:46-07:00,0,0
projects/projects.js,49,js,cd05034f,ishita-takkar,2025-05-03,13:00:46,-07:00,2025-05-03T13:00:46-07:00,4,25
projects/projects.js,50,js,cd05034f,ishita-takkar,2025-05-03,13:00:46,-07:00,2025-05-03T13:00:46-07:00,5,53
projects/projects.js,51,js,cd05034f,ishita-takkar,2025-05-03,13:00:46,-07:00,2025-05-03T13:00:46-07:00,4,6
projects/projects.js,52,js,cd05034f,ishita-takkar,2025-05-03,13:00:46,-07:00,2025-05-03T13:00:46-07:00,5,43
projects/projects.js,53,js,cd05034f,ishita-takkar,2025-05-03,13:00:46,-07:00,2025-05-03T13:00:46-07:00,5,66
projects/projects.js,54,js,cd05034f,ishita-takkar,2025-05-03,13:00:46,-07:00,2025-05-03T13:00:46-07:00,5,48
projects/projects.js,55,js,cd05034f,ishita-takkar,2025-05-03,13:00:46,-07:00,2025-05-03T13:00:46-07:00,4,0
projects/projects.js,56,js,ac67c309,ishita-takkar,2025-05-03,12:00:36,-07:00,2025-05-03T12:00:36-07:00,3,1
projects/projects.js,57,js,ac67c309,ishita-takkar,2025-05-03,12:00:36,-07:00,2025-05-03T12:00:36-07:00,1,1
projects/projects.js,58,js,a557bd90,ishita-takkar,2025-05-03,11:04:11,-07:00,2025-05-03T11:04:11-07:00,0,0
projects/projects.js,59,js,9cd6fd79,ishita-takkar,2025-05-03,12:57:15,-07:00,2025-05-03T12:57:15-07:00,1,32
projects/projects.js,60,js,9cd6fd79,ishita-takkar,2025-05-03,12:57:15,-07:00,2025-05-03T12:57:15-07:00,1,30
projects/projects.js,61,js,cd05034f,ishita-takkar,2025-05-03,13:00:46,-07:00,2025-05-03T13:00:46-07:00,0,0
projects/projects.js,62,js,cd05034f,ishita-takkar,2025-05-03,13:00:46,-07:00,2025-05-03T13:00:46-07:00,1,24
projects/projects.js,63,js,cd05034f,ishita-takkar,2025-05-03,13:00:46,-07:00,2025-05-03T13:00:46-07:00,2,4
projects/projects.js,64,js,cd05034f,ishita-takkar,2025-05-03,13:00:46,-07:00,2025-05-03T13:00:46-07:00,3,11
projects/projects.js,65,js,cd05034f,ishita-takkar,2025-05-03,13:00:46,-07:00,2025-05-03T13:00:46-07:00,3,39
projects/projects.js,66,js,cd05034f,ishita-takkar,2025-05-03,13:00:46,-07:00,2025-05-03T13:00:46-07:00,3,53
projects/projects.js,67,js,9cd6fd79,ishita-takkar,2025-05-03,12:57:15,-07:00,2025-05-03T12:57:15-07:00,3,68
projects/projects.js,68,js,9cd6fd79,ishita-takkar,2025-05-03,12:57:15,-07:00,2025-05-03T12:57:15-07:00,3,18
projects/projects.js,69,js,cd05034f,ishita-takkar,2025-05-03,13:00:46,-07:00,2025-05-03T13:00:46-07:00,4,47
projects/projects.js,70,js,cd05034f,ishita-takkar,2025-05-03,13:00:46,-07:00,2025-05-03T13:00:46-07:00,0,0
projects/projects.js,71,js,cd05034f,ishita-takkar,2025-05-03,13:00:46,-07:00,2025-05-03T13:00:46-07:00,4,1
projects/projects.js,72,js,cd05034f,ishita-takkar,2025-05-03,13:00:46,-07:00,2025-05-03T13:00:46-07:00,5,16
projects/projects.js,73,js,cd05034f,ishita-takkar,2025-05-03,13:00:46,-07:00,2025-05-03T13:00:46-07:00,5,64
projects/projects.js,74,js,cd05034f,ishita-takkar,2025-05-03,13:00:46,-07:00,2025-05-03T13:00:46-07:00,0,0
projects/projects.js,75,js,cd05034f,ishita-takkar,2025-05-03,13:00:46,-07:00,2025-05-03T13:00:46-07:00,4,4
projects/projects.js,76,js,cd05034f,ishita-takkar,2025-05-03,13:00:46,-07:00,2025-05-03T13:00:46-07:00,5,14
projects/projects.js,77,js,cd05034f,ishita-takkar,2025-05-03,13:00:46,-07:00,2025-05-03T13:00:46-07:00,5,64
projects/projects.js,78,js,cd05034f,ishita-takkar,2025-05-03,13:00:46,-07:00,2025-05-03T13:00:46-07:00,0,0
projects/projects.js,79,js,cd05034f,ishita-takkar,2025-05-03,13:00:46,-07:00,2025-05-03T13:00:46-07:00,4,25
projects/projects.js,80,js,cd05034f,ishita-takkar,2025-05-03,13:00:46,-07:00,2025-05-03T13:00:46-07:00,5,53
projects/projects.js,81,js,cd05034f,ishita-takkar,2025-05-03,13:00:46,-07:00,2025-05-03T13:00:46-07:00,4,6
projects/projects.js,82,js,cd05034f,ishita-takkar,2025-05-03,13:00:46,-07:00,2025-05-03T13:00:46-07:00,5,43
projects/projects.js,83,js,cd05034f,ishita-takkar,2025-05-03,13:00:46,-07:00,2025-05-03T13:00:46-07:00,5,66
projects/projects.js,84,js,cd05034f,ishita-takkar,2025-05-03,13:00:46,-07:00,2025-05-03T13:00:46-07:00,5,48
projects/projects.js,85,js,cd05034f,ishita-takkar,2025-05-03,13:00:46,-07:00,2025-05-03T13:00:46-07:00,4,0
projects/projects.js,86,js,9cd6fd79,ishita-takkar,2025-05-03,12:57:15,-07:00,2025-05-03T12:57:15-07:00,3,1
projects/projects.js,87,js,9cd6fd79,ishita-takkar,2025-05-03,12:57:15,-07:00,2025-05-03T12:57:15-07:00,1,1
projects/projects.js,88,js,be230187,ishita-takkar,2025-05-03,11:46:17,-07:00,2025-05-03T11:46:17-07:00,0,0
projects/projects.js,89,js,41fd52e1,ishita-takkar,2025-05-03,11:11:42,-07:00,2025-05-03T11:11:42-07:00,0,0
projects/projects.js,90,js,9cd6fd79,ishita-takkar,2025-05-03,12:57:15,-07:00,2025-05-03T12:57:15-07:00,0,48
projects/projects.js,91,js,9cd6fd79,ishita-takkar,2025-05-03,12:57:15,-07:00,2025-05-03T12:57:15-07:00,0,23
projects/projects.js,92,js,9cd6fd79,ishita-takkar,2025-05-03,12:57:15,-07:00,2025-05-03T12:57:15-07:00,0,0
projects/projects.js,93,js,cd05034f,ishita-takkar,2025-05-03,13:00:46,-07:00,2025-05-03T13:00:46-07:00,0,49
projects/projects.js,94,js,cd05034f,ishita-takkar,2025-05-03,13:00:46,-07:00,2025-05-03T13:00:46-07:00,1,43
projects/projects.js,95,js,cd05034f,ishita-takkar,2025-05-03,13:00:46,-07:00,2025-05-03T13:00:46-07:00,1,43
projects/projects.js,96,js,cd05034f,ishita-takkar,2025-05-03,13:00:46,-07:00,2025-05-03T13:00:46-07:00,2,58
projects/projects.js,97,js,cd05034f,ishita-takkar,2025-05-03,13:00:46,-07:00,2025-05-03T13:00:46-07:00,2,28
projects/projects.js,98,js,cd05034f,ishita-takkar,2025-05-03,13:00:46,-07:00,2025-05-03T13:00:46-07:00,1,1
projects/projects.js,99,js,ac67c309,ishita-takkar,2025-05-03,12:00:36,-07:00,2025-05-03T12:00:36-07:00,1,48
projects/projects.js,100,js,cd05034f,ishita-takkar,2025-05-03,13:00:46,-07:00,2025-05-03T13:00:46-07:00,1,23
projects/projects.js,101,js,ac67c309,ishita-takkar,2025-05-03,12:00:36,-07:00,2025-05-03T12:00:36-07:00,0,1
projects/index.html,1,html,08f1a1f8,ishita-takkar,2025-04-04,17:00:29,-07:00,2025-04-04T17:00:29-07:00,0,13
projects/index.html,2,html,08f1a1f8,ishita-takkar,2025-04-04,17:00:29,-07:00,2025-04-04T17:00:29-07:00,0,14
projects/index.html,3,html,08f1a1f8,ishita-takkar,2025-04-04,17:00:29,-07:00,2025-04-04T17:00:29-07:00,0,4
projects/index.html,4,html,ac67c309,ishita-takkar,2025-05-03,12:00:36,-07:00,2025-05-03T12:00:36-07:00,1,22
projects/index.html,5,html,ac67c309,ishita-takkar,2025-05-03,12:00:36,-07:00,2025-05-03T12:00:36-07:00,1,70
projects/index.html,6,html,20f3d1f7,ishita-takkar,2025-05-03,10:36:10,-07:00,2025-05-03T10:36:10-07:00,1,55
projects/index.html,7,html,ac67c309,ishita-takkar,2025-05-03,12:00:36,-07:00,2025-05-03T12:00:36-07:00,1,43
projects/index.html,8,html,08f1a1f8,ishita-takkar,2025-04-04,17:00:29,-07:00,2025-04-04T17:00:29-07:00,0,5
projects/index.html,9,html,08f1a1f8,ishita-takkar,2025-04-04,17:00:29,-07:00,2025-04-04T17:00:29-07:00,0,4
projects/index.html,10,html,ac67c309,ishita-takkar,2025-05-03,12:00:36,-07:00,2025-05-03T12:00:36-07:00,0,0
projects/index.html,11,html,ac67c309,ishita-takkar,2025-05-03,12:00:36,-07:00,2025-05-03T12:00:36-07:00,1,49
projects/index.html,12,html,e1f1acdd,ishita-takkar,2025-04-25,17:30:27,-07:00,2025-04-25T17:30:27-07:00,0,0
projects/index.html,13,html,20f3d1f7,ishita-takkar,2025-05-03,10:36:10,-07:00,2025-05-03T10:36:10-07:00,1,21
projects/index.html,14,html,ac67c309,ishita-takkar,2025-05-03,12:00:36,-07:00,2025-05-03T12:00:36-07:00,2,58
projects/index.html,15,html,20f3d1f7,ishita-takkar,2025-05-03,10:36:10,-07:00,2025-05-03T10:36:10-07:00,2,22
projects/index.html,16,html,20f3d1f7,ishita-takkar,2025-05-03,10:36:10,-07:00,2025-05-03T10:36:10-07:00,1,4
projects/index.html,17,html,20f3d1f7,ishita-takkar,2025-05-03,10:36:10,-07:00,2025-05-03T10:36:10-07:00,0,0
projects/index.html,18,html,aca0dbb9,ishita-takkar,2025-05-03,11:22:56,-07:00,2025-05-03T11:22:56-07:00,1,4
projects/index.html,19,html,aca0dbb9,ishita-takkar,2025-05-03,11:22:56,-07:00,2025-05-03T11:22:56-07:00,2,15
projects/index.html,20,html,aca0dbb9,ishita-takkar,2025-05-03,11:22:56,-07:00,2025-05-03T11:22:56-07:00,2,11
projects/index.html,21,html,aca0dbb9,ishita-takkar,2025-05-03,11:22:56,-07:00,2025-05-03T11:22:56-07:00,2,26
projects/index.html,22,html,aca0dbb9,ishita-takkar,2025-05-03,11:22:56,-07:00,2025-05-03T11:22:56-07:00,2,31
projects/index.html,23,html,aca0dbb9,ishita-takkar,2025-05-03,11:22:56,-07:00,2025-05-03T11:22:56-07:00,1,0
projects/index.html,24,html,aca0dbb9,ishita-takkar,2025-05-03,11:22:56,-07:00,2025-05-03T11:22:56-07:00,0,0
projects/index.html,25,html,ac67c309,ishita-takkar,2025-05-03,12:00:36,-07:00,2025-05-03T12:00:36-07:00,1,20
projects/index.html,26,html,ac67c309,ishita-takkar,2025-05-03,12:00:36,-07:00,2025-05-03T12:00:36-07:00,2,49
projects/index.html,27,html,ac67c309,ishita-takkar,2025-05-03,12:00:36,-07:00,2025-05-03T12:00:36-07:00,1,4
projects/index.html,28,html,20f3d1f7,ishita-takkar,2025-05-03,10:36:10,-07:00,2025-05-03T10:36:10-07:00,0,0
projects/index.html,29,html,20f3d1f7,ishita-takkar,2025-05-03,10:36:10,-07:00,2025-05-03T10:36:10-07:00,1,48
projects/index.html,30,html,20f3d1f7,ishita-takkar,2025-05-03,10:36:10,-07:00,2025-05-03T10:36:10-07:00,1,47
projects/index.html,31,html,ac67c309,ishita-takkar,2025-05-03,12:00:36,-07:00,2025-05-03T12:00:36-07:00,0,0
projects/index.html,32,html,08f1a1f8,ishita-takkar,2025-04-04,17:00:29,-07:00,2025-04-04T17:00:29-07:00,0,5
projects/index.html,33,html,20f3d1f7,ishita-takkar,2025-05-03,10:36:10,-07:00,2025-05-03T10:36:10-07:00,0,5
meta/index.html,1,html,4cb5fad5,ishita-takkar,2025-05-09,13:05:50,-07:00,2025-05-09T13:05:50-07:00,0,13
meta/index.html,2,html,4cb5fad5,ishita-takkar,2025-05-09,13:05:50,-07:00,2025-05-09T13:05:50-07:00,0,14
meta/index.html,3,html,4cb5fad5,ishita-takkar,2025-05-09,13:05:50,-07:00,2025-05-09T13:05:50-07:00,0,4
meta/index.html,4,html,4cb5fad5,ishita-takkar,2025-05-09,13:05:50,-07:00,2025-05-09T13:05:50-07:00,2,20
meta/index.html,5,html,4cb5fad5,ishita-takkar,2025-05-09,13:05:50,-07:00,2025-05-09T13:05:50-07:00,2,17
meta/index.html,6,html,4cb5fad5,ishita-takkar,2025-05-09,13:05:50,-07:00,2025-05-09T13:05:50-07:00,2,43
meta/index.html,7,html,4cb5fad5,ishita-takkar,2025-05-09,13:05:50,-07:00,2025-05-09T13:05:50-07:00,0,5
meta/index.html,8,html,4cb5fad5,ishita-takkar,2025-05-09,13:05:50,-07:00,2025-05-09T13:05:50-07:00,0,4
meta/index.html,9,html,4cb5fad5,ishita-takkar,2025-05-09,13:05:50,-07:00,2025-05-09T13:05:50-07:00,2,11
meta/index.html,10,html,4cb5fad5,ishita-takkar,2025-05-09,13:05:50,-07:00,2025-05-09T13:05:50-07:00,2,58
meta/index.html,11,html,4cb5fad5,ishita-takkar,2025-05-09,13:05:50,-07:00,2025-05-09T13:05:50-07:00,0,5
meta/index.html,12,html,4cb5fad5,ishita-takkar,2025-05-09,13:05:50,-07:00,2025-05-09T13:05:50-07:00,0,5
contact/resume.html,1,html,73b5ad28,ishita-takkar,2025-04-04,20:30:21,-07:00,2025-04-04T20:30:21-07:00,0,13
contact/resume.html,2,html,73b5ad28,ishita-takkar,2025-04-04,20:30:21,-07:00,2025-04-04T20:30:21-07:00,0,14
contact/resume.html,3,html,73b5ad28,ishita-takkar,2025-04-04,20:30:21,-07:00,2025-04-04T20:30:21-07:00,0,4
contact/resume.html,4,html,2c29867c,ishita-takkar,2025-04-11,14:30:32,-07:00,2025-04-11T14:30:32-07:00,2,41
contact/resume.html,5,html,73b5ad28,ishita-takkar,2025-04-04,20:30:21,-07:00,2025-04-04T20:30:21-07:00,2,20
contact/resume.html,6,html,73b5ad28,ishita-takkar,2025-04-04,20:30:21,-07:00,2025-04-04T20:30:21-07:00,2,68
contact/resume.html,7,html,73b5ad28,ishita-takkar,2025-04-04,20:30:21,-07:00,2025-04-04T20:30:21-07:00,2,23
contact/resume.html,8,html,73b5ad28,ishita-takkar,2025-04-04,20:30:21,-07:00,2025-04-04T20:30:21-07:00,0,5
contact/resume.html,9,html,2c29867c,ishita-takkar,2025-04-11,14:30:32,-07:00,2025-04-11T14:30:32-07:00,0,19
contact/resume.html,10,html,2c29867c,ishita-takkar,2025-04-11,14:30:32,-07:00,2025-04-11T14:30:32-07:00,1,25
contact/resume.html,11,html,73b5ad28,ishita-takkar,2025-04-04,20:30:21,-07:00,2025-04-04T20:30:21-07:00,2,22
contact/resume.html,12,html,73b5ad28,ishita-takkar,2025-04-04,20:30:21,-07:00,2025-04-04T20:30:21-07:00,2,98
contact/resume.html,13,html,2c29867c,ishita-takkar,2025-04-11,14:30:32,-07:00,2025-04-11T14:30:32-07:00,1,4
contact/resume.html,14,html,73b5ad28,ishita-takkar,2025-04-04,20:30:21,-07:00,2025-04-04T20:30:21-07:00,2,7
contact/resume.html,15,html,73b5ad28,ishita-takkar,2025-04-04,20:30:21,-07:00,2025-04-04T20:30:21-07:00,4,33
contact/resume.html,16,html,73b5ad28,ishita-takkar,2025-04-04,20:30:21,-07:00,2025-04-04T20:30:21-07:00,4,7
contact/resume.html,17,html,73b5ad28,ishita-takkar,2025-04-04,20:30:21,-07:00,2025-04-04T20:30:21-07:00,5,42
contact/resume.html,18,html,73b5ad28,ishita-takkar,2025-04-04,20:30:21,-07:00,2025-04-04T20:30:21-07:00,5,25
contact/resume.html,19,html,73b5ad28,ishita-takkar,2025-04-04,20:30:21,-07:00,2025-04-04T20:30:21-07:00,5,83
contact/resume.html,20,html,73b5ad28,ishita-takkar,2025-04-04,20:30:21,-07:00,2025-04-04T20:30:21-07:00,5,89
contact/resume.html,21,html,73b5ad28,ishita-takkar,2025-04-04,20:30:21,-07:00,2025-04-04T20:30:21-07:00,4,8
contact/resume.html,22,html,73b5ad28,ishita-takkar,2025-04-04,20:30:21,-07:00,2025-04-04T20:30:21-07:00,3,8
contact/resume.html,23,html,73b5ad28,ishita-takkar,2025-04-04,20:30:21,-07:00,2025-04-04T20:30:21-07:00,0,0
contact/resume.html,24,html,73b5ad28,ishita-takkar,2025-04-04,20:30:21,-07:00,2025-04-04T20:30:21-07:00,3,7
contact/resume.html,25,html,73b5ad28,ishita-takkar,2025-04-04,20:30:21,-07:00,2025-04-04T20:30:21-07:00,4,30
contact/resume.html,26,html,73b5ad28,ishita-takkar,2025-04-04,20:30:21,-07:00,2025-04-04T20:30:21-07:00,4,2
contact/resume.html,27,html,73b5ad28,ishita-takkar,2025-04-04,20:30:21,-07:00,2025-04-04T20:30:21-07:00,5,37
contact/resume.html,28,html,73b5ad28,ishita-takkar,2025-04-04,20:30:21,-07:00,2025-04-04T20:30:21-07:00,5,47
contact/resume.html,29,html,73b5ad28,ishita-takkar,2025-04-04,20:30:21,-07:00,2025-04-04T20:30:21-07:00,5,53
contact/resume.html,30,html,73b5ad28,ishita-takkar,2025-04-04,20:30:21,-07:00,2025-04-04T20:30:21-07:00,5,69
contact/resume.html,31,html,73b5ad28,ishita-takkar,2025-04-04,20:30:21,-07:00,2025-04-04T20:30:21-07:00,4,3
contact/resume.html,32,html,73b5ad28,ishita-takkar,2025-04-04,20:30:21,-07:00,2025-04-04T20:30:21-07:00,3,8
contact/resume.html,33,html,73b5ad28,ishita-takkar,2025-04-04,20:30:21,-07:00,2025-04-04T20:30:21-07:00,0,0
contact/resume.html,34,html,73b5ad28,ishita-takkar,2025-04-04,20:30:21,-07:00,2025-04-04T20:30:21-07:00,3,7
contact/resume.html,35,html,73b5ad28,ishita-takkar,2025-04-04,20:30:21,-07:00,2025-04-04T20:30:21-07:00,3,34
contact/resume.html,36,html,73b5ad28,ishita-takkar,2025-04-04,20:30:21,-07:00,2025-04-04T20:30:21-07:00,3,7
contact/resume.html,37,html,73b5ad28,ishita-takkar,2025-04-04,20:30:21,-07:00,2025-04-04T20:30:21-07:00,4,40
contact/resume.html,38,html,73b5ad28,ishita-takkar,2025-04-04,20:30:21,-07:00,2025-04-04T20:30:21-07:00,4,82
contact/resume.html,39,html,73b5ad28,ishita-takkar,2025-04-04,20:30:21,-07:00,2025-04-04T20:30:21-07:00,4,67
contact/resume.html,40,html,73b5ad28,ishita-takkar,2025-04-04,20:30:21,-07:00,2025-04-04T20:30:21-07:00,4,69
contact/resume.html,41,html,73b5ad28,ishita-takkar,2025-04-04,20:30:21,-07:00,2025-04-04T20:30:21-07:00,3,8
contact/resume.html,42,html,73b5ad28,ishita-takkar,2025-04-04,20:30:21,-07:00,2025-04-04T20:30:21-07:00,0,0
contact/resume.html,43,html,73b5ad28,ishita-takkar,2025-04-04,20:30:21,-07:00,2025-04-04T20:30:21-07:00,3,7
contact/resume.html,44,html,73b5ad28,ishita-takkar,2025-04-04,20:30:21,-07:00,2025-04-04T20:30:21-07:00,4,45
contact/resume.html,45,html,73b5ad28,ishita-takkar,2025-04-04,20:30:21,-07:00,2025-04-04T20:30:21-07:00,4,81
contact/resume.html,46,html,73b5ad28,ishita-takkar,2025-04-04,20:30:21,-07:00,2025-04-04T20:30:21-07:00,4,85
contact/resume.html,47,html,73b5ad28,ishita-takkar,2025-04-04,20:30:21,-07:00,2025-04-04T20:30:21-07:00,4,71
contact/resume.html,48,html,73b5ad28,ishita-takkar,2025-04-04,20:30:21,-07:00,2025-04-04T20:30:21-07:00,3,8
contact/resume.html,49,html,73b5ad28,ishita-takkar,2025-04-04,20:30:21,-07:00,2025-04-04T20:30:21-07:00,2,8
contact/resume.html,50,html,73b5ad28,ishita-takkar,2025-04-04,20:30:21,-07:00,2025-04-04T20:30:21-07:00,0,0
contact/resume.html,51,html,73b5ad28,ishita-takkar,2025-04-04,20:30:21,-07:00,2025-04-04T20:30:21-07:00,2,7
contact/resume.html,52,html,73b5ad28,ishita-takkar,2025-04-04,20:30:21,-07:00,2025-04-04T20:30:21-07:00,3,32
contact/resume.html,53,html,73b5ad28,ishita-takkar,2025-04-04,20:30:21,-07:00,2025-04-04T20:30:21-07:00,3,7
contact/resume.html,54,html,73b5ad28,ishita-takkar,2025-04-04,20:30:21,-07:00,2025-04-04T20:30:21-07:00,4,35
contact/resume.html,55,html,73b5ad28,ishita-takkar,2025-04-04,20:30:21,-07:00,2025-04-04T20:30:21-07:00,4,153
contact/resume.html,56,html,73b5ad28,ishita-takkar,2025-04-04,20:30:21,-07:00,2025-04-04T20:30:21-07:00,3,8
contact/resume.html,57,html,73b5ad28,ishita-takkar,2025-04-04,20:30:21,-07:00,2025-04-04T20:30:21-07:00,2,8
contact/resume.html,58,html,0a5a8e54,ishita-takkar,2025-04-17,23:40:52,-07:00,2025-04-17T23:40:52-07:00,2,48
contact/resume.html,59,html,73b5ad28,ishita-takkar,2025-04-04,20:30:21,-07:00,2025-04-04T20:30:21-07:00,0,5
contact/resume.html,60,html,73b5ad28,ishita-takkar,2025-04-04,20:30:21,-07:00,2025-04-04T20:30:21-07:00,0,5
contact/index.html,1,html,08f1a1f8,ishita-takkar,2025-04-04,17:00:29,-07:00,2025-04-04T17:00:29-07:00,0,13
contact/index.html,2,html,08f1a1f8,ishita-takkar,2025-04-04,17:00:29,-07:00,2025-04-04T17:00:29-07:00,0,14
contact/index.html,3,html,08f1a1f8,ishita-takkar,2025-04-04,17:00:29,-07:00,2025-04-04T17:00:29-07:00,0,4
contact/index.html,4,html,366fd281,ishita-takkar,2025-04-11,00:17:40,-07:00,2025-04-11T00:17:40-07:00,2,41
contact/index.html,5,html,08f1a1f8,ishita-takkar,2025-04-04,17:00:29,-07:00,2025-04-04T17:00:29-07:00,2,20
contact/index.html,6,html,08f1a1f8,ishita-takkar,2025-04-04,17:00:29,-07:00,2025-04-04T17:00:29-07:00,2,68
contact/index.html,7,html,08f1a1f8,ishita-takkar,2025-04-04,17:00:29,-07:00,2025-04-04T17:00:29-07:00,2,55
contact/index.html,8,html,08f1a1f8,ishita-takkar,2025-04-04,17:00:29,-07:00,2025-04-04T17:00:29-07:00,0,5
contact/index.html,9,html,08f1a1f8,ishita-takkar,2025-04-04,17:00:29,-07:00,2025-04-04T17:00:29-07:00,0,4
contact/index.html,10,html,08f1a1f8,ishita-takkar,2025-04-04,17:00:29,-07:00,2025-04-04T17:00:29-07:00,2,19
contact/index.html,11,html,d0b1aa09,ishita-takkar,2025-04-18,17:30:13,-07:00,2025-04-18T17:30:13-07:00,2,53
contact/index.html,12,html,1cf4969e,ishita-takkar,2025-04-04,19:58:00,-07:00,2025-04-04T19:58:00-07:00,4,5
contact/index.html,13,html,1cf4969e,ishita-takkar,2025-04-04,19:58:00,-07:00,2025-04-04T19:58:00-07:00,6,5
contact/index.html,14,html,1cf4969e,ishita-takkar,2025-04-04,19:58:00,-07:00,2025-04-04T19:58:00-07:00,6,20
contact/index.html,15,html,1cf4969e,ishita-takkar,2025-04-04,19:58:00,-07:00,2025-04-04T19:58:00-07:00,4,6
contact/index.html,16,html,1cf4969e,ishita-takkar,2025-04-04,19:58:00,-07:00,2025-04-04T19:58:00-07:00,4,5
contact/index.html,17,html,1cf4969e,ishita-takkar,2025-04-04,19:58:00,-07:00,2025-04-04T19:58:00-07:00,6,6
contact/index.html,18,html,1cf4969e,ishita-takkar,2025-04-04,19:58:00,-07:00,2025-04-04T19:58:00-07:00,6,20
contact/index.html,19,html,1cf4969e,ishita-takkar,2025-04-04,19:58:00,-07:00,2025-04-04T19:58:00-07:00,6,9
contact/index.html,20,html,1cf4969e,ishita-takkar,2025-04-04,19:58:00,-07:00,2025-04-04T19:58:00-07:00,4,6
contact/index.html,21,html,1cf4969e,ishita-takkar,2025-04-04,19:58:00,-07:00,2025-04-04T19:58:00-07:00,4,0
contact/index.html,22,html,c302b024,ishita-takkar,2025-04-11,01:24:34,-07:00,2025-04-11T01:24:34-07:00,4,19
contact/index.html,23,html,1cf4969e,ishita-takkar,2025-04-04,19:58:00,-07:00,2025-04-04T19:58:00-07:00,2,5
contact/index.html,24,html,0a5a8e54,ishita-takkar,2025-04-17,23:40:52,-07:00,2025-04-17T23:40:52-07:00,2,48
contact/index.html,25,html,08f1a1f8,ishita-takkar,2025-04-04,17:00:29,-07:00,2025-04-04T17:00:29-07:00,0,5
contact/index.html,26,html,08f1a1f8,ishita-takkar,2025-04-04,17:00:29,-07:00,2025-04-04T17:00:29-07:00,0,5
